{"type":"FeatureCollection","features":[{"type":"Feature","properties":{"name":"Ukraine","role_pre":"transit","role_post":"severed_transit","label":"UKRAINE"},"geometry":{"type":"MultiPolygon","coordinates":[[[[38.214355,47.091455],[38.17832,47.080225],[37.828711,47.09585],[37.761147,47.090809],[37.543359,47.074561],[37.339844,46.916895],[37.218555,46.917334],[37.047559,46.876221],[36.932031,46.825146],[36.794824,46.714404],[36.688672,46.764111],[36.558789,46.762695],[36.432031,46.732568],[36.279492,46.658594],[36.194629,46.645508],[36.024902,46.666797],[35.827148,46.624316],[35.400195,46.381396],[35.256641,46.203906],[35.204395,46.169189],[35.132324,46.125879],[35.055273,46.104004],[35.014551,46.106006],[35.217773,46.232178],[35.280176,46.279492],[35.290918,46.314404],[35.291992,46.370703],[35.230371,46.440625],[35.064063,46.267236],[34.969531,46.24209],[34.849609,46.189893],[34.84375,46.073584],[34.857324,45.987354],[34.906641,45.878809],[35.001674,45.733383],[34.946428,45.728686],[34.799726,45.790752],[34.794084,45.892315],[34.686878,45.97695],[34.523249,45.97695],[34.449898,45.965666],[34.353978,46.061586],[34.224203,46.101083],[34.128283,46.089798],[34.02672,46.106725],[33.806667,46.208288],[33.659965,46.219573],[33.654323,46.146222],[33.594141,46.09624],[33.498828,46.078857],[33.429883,46.057617],[33.263477,46.125684],[33.202246,46.175732],[32.941797,46.123779],[32.796875,46.131494],[32.476758,46.083691],[32.329883,46.130371],[32.035742,46.260986],[31.925195,46.287256],[31.83125,46.281689],[31.77998,46.324658],[31.842871,46.346143],[31.915918,46.348682],[31.991699,46.364404],[32.013086,46.387158],[32.008496,46.42998],[31.855762,46.462451],[31.713672,46.471777],[31.623633,46.510254],[31.554883,46.554297],[31.716016,46.55498],[31.87793,46.52168],[32.131445,46.509375],[32.361328,46.474951],[32.418945,46.517773],[32.552539,46.591992],[32.578027,46.615625],[32.354102,46.564844],[32.127246,46.597217],[32.044336,46.64248],[31.974316,46.708789],[31.944922,46.784375],[31.964063,46.854834],[31.939551,46.981982],[31.864746,47.095117],[31.838184,47.157227],[31.75918,47.212842],[31.836914,47.087012],[31.865918,47.003271],[31.912695,46.926123],[31.90166,46.721631],[31.872852,46.649756],[31.77959,46.631641],[31.657031,46.642432],[31.532129,46.664746],[31.563379,46.777295],[31.496875,46.738379],[31.40293,46.628809],[31.320313,46.6125],[31.136816,46.624463],[30.796289,46.552002],[30.772852,46.473047],[30.72168,46.366211],[30.672266,46.304004],[30.656738,46.266504],[30.511523,46.105371],[30.492969,46.090137],[30.219043,45.866748],[30.18418,45.849951],[30.006641,45.797949],[29.90166,45.752393],[29.821191,45.73208],[29.685059,45.754688],[29.628418,45.722461],[29.60166,45.68252],[29.601172,45.6],[29.670313,45.540674],[29.726953,45.343311],[29.705859,45.259912],[29.651953,45.313916],[29.567676,45.370801],[29.403711,45.419678],[29.223535,45.40293],[29.027441,45.320557],[28.894336,45.289941],[28.824316,45.311084],[28.781738,45.309863],[28.766602,45.28623],[28.769824,45.266895],[28.791406,45.251904],[28.788281,45.240967],[28.760742,45.234131],[28.45127,45.292187],[28.317676,45.347119],[28.2125,45.450439],[28.264844,45.483887],[28.310352,45.498584],[28.471387,45.507178],[28.499023,45.517725],[28.501758,45.541553],[28.51377,45.572412],[28.509473,45.617822],[28.491602,45.665771],[28.562305,45.735791],[28.667578,45.793848],[28.729297,45.852002],[28.73877,45.937158],[28.849512,45.978662],[28.947754,46.049951],[28.971875,46.127637],[29.00625,46.176465],[28.94375,46.288428],[28.930566,46.362256],[28.927441,46.424121],[28.958398,46.458496],[29.049902,46.497021],[29.146289,46.526904],[29.18623,46.523975],[29.200781,46.50498],[29.20459,46.379346],[29.223828,46.376953],[29.25459,46.392627],[29.304883,46.466602],[29.339551,46.445068],[29.392871,46.436914],[29.432813,46.455957],[29.458789,46.45376],[29.491016,46.434668],[29.555078,46.407764],[29.614941,46.398828],[29.664551,46.416748],[29.706836,46.44873],[29.751953,46.437793],[29.837891,46.350537],[29.878027,46.360205],[30.075684,46.377832],[30.10752,46.401562],[30.131055,46.423096],[29.924316,46.538867],[29.934766,46.625],[29.94248,46.723779],[29.918066,46.782422],[29.877832,46.828906],[29.719727,46.88291],[29.597754,46.938818],[29.571973,46.964014],[29.568652,46.996729],[29.563477,47.04751],[29.515039,47.091113],[29.510938,47.128027],[29.541797,47.185547],[29.549316,47.246826],[29.53916,47.270996],[29.510645,47.290723],[29.455664,47.292627],[29.383398,47.328027],[29.333789,47.375732],[29.200586,47.444482],[29.159766,47.455664],[29.134863,47.489697],[29.122949,47.530371],[29.150879,47.580859],[29.186035,47.658594],[29.210742,47.731543],[29.211133,47.775],[29.194824,47.882422],[29.125391,47.964551],[29.092969,47.975439],[29.036914,47.952344],[28.97334,47.933008],[28.923145,47.951123],[28.86582,47.995654],[28.773828,48.11958],[28.60166,48.144385],[28.530469,48.150293],[28.463086,48.090527],[28.441992,48.108691],[28.423047,48.146875],[28.3875,48.162109],[28.340527,48.144434],[28.326953,48.161426],[28.347168,48.213037],[28.291016,48.238574],[28.158789,48.237988],[28.088477,48.257031],[28.080078,48.295801],[28.038477,48.321289],[27.963379,48.333545],[27.890625,48.365234],[27.82002,48.41626],[27.714453,48.449512],[27.57373,48.464893],[27.562207,48.47041],[27.549219,48.477734],[27.458398,48.443066],[27.403809,48.415625],[27.336914,48.432715],[27.228516,48.371436],[27.008496,48.368262],[26.900586,48.371924],[26.84707,48.387158],[26.64043,48.294141],[26.618945,48.259863],[26.572461,48.248486],[26.442383,48.22998],[26.305664,48.20376],[26.276953,48.113232],[26.23623,48.064355],[26.162695,47.992529],[25.908691,47.967578],[25.689258,47.932471],[25.464258,47.910791],[25.169629,47.823096],[25.073828,47.745703],[24.979102,47.724121],[24.893359,47.717773],[24.837891,47.76084],[24.650977,47.876514],[24.578906,47.931055],[24.484082,47.947119],[24.380957,47.938037],[24.281934,47.911182],[24.177734,47.906055],[24.059766,47.944775],[24.047363,47.941016],[24.001855,47.935791],[23.708984,47.982617],[23.682031,47.990381],[23.669043,47.992334],[23.628711,47.99585],[23.408203,47.98999],[23.202637,48.084521],[23.139453,48.087402],[23.09082,48.049121],[23.054785,48.006543],[22.912891,47.964258],[22.87666,47.947266],[22.856055,47.960303],[22.846484,47.99707],[22.857227,48.029541],[22.83623,48.060303],[22.782227,48.095215],[22.769141,48.109619],[22.701563,48.107031],[22.683105,48.103613],[22.676367,48.104395],[22.582422,48.134033],[22.520117,48.205371],[22.423828,48.243311],[22.350195,48.256055],[22.316699,48.286621],[22.295117,48.327295],[22.272168,48.358008],[22.269434,48.360889],[22.253711,48.407373],[22.231152,48.412158],[22.227148,48.413428],[22.131836,48.405322],[22.142871,48.568506],[22.295215,48.68584],[22.332617,48.745068],[22.389453,48.873486],[22.432031,48.933545],[22.483203,48.983252],[22.524121,49.031396],[22.538672,49.072705],[22.57998,49.077197],[22.70127,49.039941],[22.809766,49.020752],[22.839746,49.038916],[22.852051,49.062744],[22.84707,49.08125],[22.760156,49.13623],[22.705664,49.171191],[22.702344,49.192725],[22.721973,49.240967],[22.732422,49.295166],[22.719922,49.353809],[22.660645,49.483691],[22.649414,49.539014],[22.706152,49.606201],[22.890723,49.76626],[22.952246,49.826367],[23.036328,49.899072],[23.264453,50.072852],[23.408594,50.173926],[23.506152,50.229834],[23.649023,50.327051],[23.711719,50.377344],[23.972656,50.410059],[24.00498,50.457031],[24.052637,50.508447],[24.089941,50.530469],[24.094727,50.617041],[24.046289,50.722803],[24.007324,50.760156],[23.978418,50.785596],[23.99707,50.809375],[24.025977,50.816162],[24.061621,50.819531],[24.105762,50.844971],[24.095801,50.872754],[23.985742,50.94043],[23.938086,50.992529],[23.863477,51.126221],[23.712207,51.265137],[23.664453,51.310059],[23.657617,51.35249],[23.679688,51.394922],[23.658887,51.448975],[23.605273,51.51792],[23.61377,51.525391],[23.608594,51.610498],[23.64668,51.628857],[23.706836,51.641309],[23.791699,51.637109],[23.864258,51.623975],[23.951172,51.585059],[23.97832,51.591309],[24.126855,51.664648],[24.280078,51.774707],[24.32373,51.838428],[24.361914,51.867529],[24.495215,51.883057],[24.611328,51.889502],[24.685156,51.888281],[24.866406,51.899121],[24.973828,51.911133],[25.066699,51.930518],[25.267188,51.937744],[25.580273,51.924756],[25.785742,51.923828],[25.925293,51.913525],[26.26709,51.855029],[26.394336,51.844434],[26.453418,51.813428],[26.566895,51.801904],[26.773438,51.770703],[26.952832,51.754004],[27.074121,51.76084],[27.141992,51.752051],[27.270117,51.613574],[27.296289,51.597412],[27.347656,51.594141],[27.452344,51.606104],[27.601367,51.601611],[27.689746,51.572412],[27.676758,51.489941],[27.7,51.477979],[27.741309,51.482568],[27.788867,51.52915],[27.828809,51.577441],[27.858594,51.592383],[28.010742,51.559766],[28.080273,51.565039],[28.144434,51.60166],[28.183789,51.607861],[28.291602,51.581836],[28.424609,51.563623],[28.532031,51.562451],[28.599023,51.542627],[28.647754,51.456543],[28.690234,51.438867],[28.73125,51.433398],[28.793262,51.510352],[28.849512,51.540186],[28.927539,51.562158],[28.977734,51.571777],[29.013086,51.598926],[29.060742,51.625439],[29.102051,51.627539],[29.135645,51.617285],[29.174219,51.580615],[29.230469,51.497021],[29.298828,51.413037],[29.346484,51.382568],[29.469629,51.40835],[29.553125,51.43457],[29.706055,51.439551],[29.908789,51.458008],[30.06377,51.482031],[30.160742,51.477881],[30.219531,51.451221],[30.308984,51.399609],[30.333398,51.325537],[30.449512,51.274316],[30.544531,51.265039],[30.576953,51.318359],[30.63252,51.35542],[30.611719,51.406348],[30.602344,51.47124],[30.560742,51.531494],[30.533008,51.596338],[30.583887,51.688965],[30.639453,51.770068],[30.667285,51.814111],[30.755273,51.895166],[30.845703,51.953076],[30.980664,52.046191],[31.079297,52.076953],[31.168457,52.062939],[31.217969,52.050244],[31.345996,52.105371],[31.57373,52.108105],[31.763379,52.101074],[31.782422,52.099414],[31.875586,52.070898],[31.973828,52.046631],[32.041602,52.04502],[32.122266,52.050586],[32.216797,52.082959],[32.282813,52.114014],[32.362988,52.272119],[32.391309,52.294824],[32.435449,52.307227],[32.50791,52.308545],[32.64541,52.279102],[32.806445,52.252637],[32.899707,52.256348],[33.148438,52.34043],[33.287109,52.353564],[33.451855,52.333789],[33.613379,52.332617],[33.735254,52.344775],[33.818848,52.315625],[33.92207,52.251465],[34.015332,52.155957],[34.113086,51.979639],[34.397852,51.78042],[34.402734,51.741504],[34.379297,51.716504],[34.23916,51.692236],[34.121094,51.67915],[34.11543,51.644971],[34.146777,51.607959],[34.200879,51.553809],[34.209277,51.484082],[34.206543,51.419922],[34.229883,51.363232],[34.275,51.340186],[34.280664,51.31167],[34.228418,51.276855],[34.213867,51.255371],[34.23418,51.243799],[34.491016,51.237061],[34.616797,51.203125],[34.712305,51.172217],[34.760352,51.169336],[34.868555,51.189209],[34.990234,51.201758],[35.064063,51.203418],[35.092578,51.180664],[35.115332,51.12085],[35.158105,51.060986],[35.198047,51.043896],[35.269141,51.046777],[35.311914,51.043896],[35.334766,51.021143],[35.309082,50.986914],[35.314746,50.949902],[35.346094,50.904297],[35.383203,50.798926],[35.417383,50.767578],[35.440137,50.727686],[35.440137,50.68208],[35.411621,50.642236],[35.391699,50.610937],[35.411621,50.539697],[35.488477,50.459912],[35.545508,50.43999],[35.591113,50.36875],[35.67373,50.345996],[35.796191,50.405762],[35.890234,50.437109],[36.007812,50.419678],[36.116406,50.408545],[36.189453,50.367822],[36.243359,50.311768],[36.306055,50.280469],[36.368848,50.296826],[36.499805,50.280469],[36.559668,50.234863],[36.619434,50.209229],[36.696387,50.24624],[36.759082,50.291846],[36.988477,50.339551],[37.13125,50.351514],[37.171094,50.360889],[37.254883,50.394971],[37.343164,50.417627],[37.422852,50.411475],[37.501367,50.340723],[37.582324,50.291846],[37.605078,50.214941],[37.704199,50.109082],[37.950293,49.964209],[38.046875,49.92002],[38.1125,49.927832],[38.146777,49.939404],[38.162695,49.954541],[38.177539,50.025391],[38.208691,50.051465],[38.258594,50.052344],[38.451172,49.964062],[38.551953,49.95459],[38.647754,49.952881],[38.77666,49.884326],[38.918359,49.824707],[39.027734,49.818408],[39.114941,49.841748],[39.174805,49.855957],[39.211816,49.833203],[39.245996,49.781934],[39.30293,49.742041],[39.368457,49.730664],[39.462793,49.728027],[39.626563,49.650684],[39.780566,49.572021],[39.876855,49.567676],[39.958496,49.590771],[40.030664,49.596729],[40.080664,49.576855],[40.094922,49.542676],[40.057813,49.49707],[40.057813,49.431543],[40.126172,49.368848],[40.12832,49.307227],[40.108789,49.251562],[40.07002,49.200293],[39.976367,49.129834],[39.889746,49.064062],[39.759473,49.036572],[39.686523,49.00791],[39.705664,48.95957],[39.75332,48.914453],[39.86377,48.877979],[39.98916,48.851416],[40.003613,48.82207],[39.984473,48.807373],[39.904102,48.79375],[39.792871,48.807715],[39.755859,48.78208],[39.70459,48.739355],[39.67041,48.662451],[39.644727,48.591211],[39.76543,48.571875],[39.835645,48.542773],[39.85752,48.484229],[39.882617,48.419092],[39.889844,48.360449],[39.849902,48.331934],[39.847461,48.302783],[39.866309,48.288428],[39.918164,48.281934],[39.95791,48.268896],[39.961035,48.237939],[39.885059,48.168359],[39.813965,48.035303],[39.775781,47.964453],[39.778711,47.887549],[39.735938,47.844824],[39.658496,47.841211],[39.391016,47.83374],[39.158496,47.837402],[39.057813,47.848486],[38.900293,47.855127],[38.822266,47.837012],[38.718945,47.714111],[38.640625,47.665918],[38.510938,47.622412],[38.368848,47.609961],[38.287402,47.55918],[38.258789,47.479541],[38.256543,47.408936],[38.243262,47.373682],[38.212402,47.342773],[38.201367,47.320801],[38.208008,47.296533],[38.241016,47.287695],[38.280762,47.27666],[38.280762,47.259033],[38.265332,47.236963],[38.221191,47.212744],[38.201367,47.175244],[38.205859,47.135596],[38.214355,47.091455]]],[[[32.012207,46.203906],[32.150098,46.154687],[32.009375,46.167822],[31.700195,46.214062],[31.563867,46.257764],[31.528711,46.306592],[31.508789,46.373145],[31.584863,46.303174],[31.638477,46.272559],[32.012207,46.203906]]]]}},{"type":"Feature","properties":{"name":"Turkey","role_pre":"consumer","role_post":"diversified","label":"TÜRKIYE"},"geometry":{"type":"MultiPolygon","coordinates":[[[[25.97002,40.136328],[25.740234,40.105469],[25.668945,40.135889],[25.740918,40.196289],[25.874805,40.233691],[25.918359,40.237988],[25.977051,40.177832],[25.97002,40.136328]]],[[[41.510059,41.51748],[41.576563,41.497314],[41.701758,41.471582],[41.779395,41.440527],[41.823535,41.432373],[41.925781,41.495654],[42.077734,41.494092],[42.211133,41.486719],[42.27998,41.475],[42.364355,41.454004],[42.466406,41.439844],[42.50791,41.470068],[42.567383,41.559277],[42.59043,41.570703],[42.606836,41.578809],[42.682422,41.585742],[42.754102,41.578906],[42.787891,41.563721],[42.82168,41.492383],[42.906738,41.466846],[43.057129,41.352832],[43.149023,41.307129],[43.171289,41.287939],[43.141016,41.264844],[43.152832,41.236426],[43.205469,41.19917],[43.279297,41.185205],[43.358984,41.190137],[43.402344,41.176562],[43.433398,41.155518],[43.441602,41.125977],[43.439453,41.107129],[43.455273,41.064697],[43.51748,41.004834],[43.591699,40.968213],[43.631641,40.929004],[43.696484,40.794141],[43.722656,40.719531],[43.712891,40.647754],[43.667871,40.574072],[43.569336,40.482373],[43.59375,40.444043],[43.61582,40.393311],[43.608398,40.356592],[43.678125,40.239307],[43.709863,40.166504],[43.683301,40.149658],[43.666211,40.126367],[43.791699,40.070264],[43.941992,40.023145],[44.005371,40.014111],[44.178027,40.035742],[44.289258,40.040381],[44.399609,39.995752],[44.560449,39.887598],[44.733789,39.746484],[44.768262,39.703516],[44.783398,39.684668],[44.817188,39.650439],[44.782129,39.651074],[44.725,39.681738],[44.587109,39.768555],[44.516699,39.73125],[44.455957,39.666748],[44.389355,39.422119],[44.335449,39.396045],[44.24043,39.396777],[44.124023,39.405225],[44.043945,39.392969],[44.023242,39.377441],[44.033789,39.351025],[44.05752,39.31084],[44.074316,39.259961],[44.079102,39.218311],[44.121289,39.180615],[44.178027,39.144824],[44.180566,39.108057],[44.171875,39.05625],[44.158789,39.016748],[44.144531,38.994385],[44.170801,38.934375],[44.232422,38.863232],[44.27168,38.836035],[44.257031,38.700635],[44.280176,38.640674],[44.297852,38.557812],[44.29082,38.420117],[44.298535,38.386279],[44.319629,38.374707],[44.375781,38.36958],[44.430859,38.356787],[44.449902,38.334229],[44.449609,38.317773],[44.380859,38.25459],[44.372754,38.209717],[44.348926,38.146484],[44.329395,38.109277],[44.267969,38.038818],[44.228906,37.967187],[44.211328,37.908057],[44.222949,37.880176],[44.33623,37.871777],[44.397754,37.829248],[44.56123,37.744629],[44.589941,37.710352],[44.545313,37.658154],[44.546094,37.636328],[44.567188,37.608643],[44.577148,37.560205],[44.573145,37.506396],[44.574023,37.4354],[44.604102,37.42373],[44.715137,37.357129],[44.794141,37.290381],[44.796777,37.269775],[44.758301,37.21709],[44.766699,37.156348],[44.765137,37.142432],[44.730957,37.165283],[44.669336,37.173584],[44.605957,37.176025],[44.566016,37.158252],[44.495996,37.110547],[44.401953,37.058496],[44.325586,37.010742],[44.281836,36.978027],[44.245703,36.983301],[44.21748,37.011865],[44.20166,37.051807],[44.208398,37.202637],[44.191797,37.249854],[44.15625,37.282959],[44.114453,37.301855],[44.064648,37.312451],[44.013184,37.313525],[43.940039,37.269287],[43.836426,37.223535],[43.675781,37.227246],[43.567969,37.23584],[43.51582,37.244531],[43.306738,37.314648],[43.263086,37.316504],[43.185156,37.344873],[43.09248,37.367383],[42.936621,37.324756],[42.869141,37.334912],[42.774609,37.371875],[42.741113,37.361914],[42.635449,37.249268],[42.455859,37.128711],[42.358984,37.108594],[42.312891,37.22959],[42.268555,37.276562],[42.247559,37.282227],[42.202734,37.297266],[42.167871,37.288623],[42.059863,37.206055],[41.886816,37.156396],[41.743555,37.126123],[41.515527,37.08916],[41.339551,37.070801],[41.264648,37.069336],[41.102148,37.085889],[40.958887,37.10918],[40.815625,37.108154],[40.705664,37.097705],[40.450391,37.008887],[40.016406,36.826074],[39.686523,36.738623],[39.501465,36.702246],[39.356641,36.681592],[39.108398,36.680566],[38.906445,36.694678],[38.766602,36.693115],[38.688867,36.715088],[38.578027,36.789111],[38.44375,36.862256],[38.383984,36.879248],[38.305859,36.893359],[38.191699,36.901562],[37.906641,36.794629],[37.817969,36.765576],[37.720313,36.743701],[37.523535,36.67832],[37.436328,36.643311],[37.327051,36.646582],[37.187402,36.655908],[37.066211,36.652637],[36.985352,36.702393],[36.941797,36.758398],[36.776563,36.792676],[36.658594,36.802539],[36.628418,36.777686],[36.596875,36.701367],[36.54668,36.506348],[36.5375,36.457422],[36.641406,36.263525],[36.636719,36.233984],[36.562402,36.223926],[36.477051,36.220703],[36.421484,36.203467],[36.375391,36.17124],[36.347559,36.003516],[36.248828,35.972705],[36.201953,35.937549],[36.153613,35.833887],[36.127344,35.831445],[35.967578,35.910059],[35.892676,35.916553],[35.956934,35.998145],[35.887109,36.159082],[35.810938,36.309863],[35.882812,36.406348],[36.031738,36.522705],[36.188477,36.658984],[36.188184,36.743066],[36.180078,36.807227],[36.135156,36.851611],[36.048926,36.910596],[35.90459,36.847607],[35.801563,36.778076],[35.734277,36.763965],[35.661133,36.724316],[35.625586,36.652783],[35.537402,36.597021],[35.393164,36.575195],[35.176172,36.634863],[34.943164,36.725684],[34.81123,36.799268],[34.703613,36.816797],[34.601367,36.784473],[34.299609,36.604199],[34.023438,36.340771],[33.954883,36.295215],[33.694727,36.181982],[33.522754,36.143994],[33.441797,36.152832],[33.099512,36.102979],[32.929492,36.095703],[32.794824,36.035889],[32.533789,36.100732],[32.377734,36.183643],[32.283789,36.267871],[32.130566,36.449121],[32.021973,36.535303],[31.77793,36.612793],[31.352539,36.801074],[31.240625,36.821729],[30.950293,36.848682],[30.644043,36.865674],[30.582031,36.797168],[30.558496,36.52583],[30.506055,36.451123],[30.483594,36.3104],[30.446094,36.269873],[30.387305,36.243262],[30.29541,36.287695],[30.231641,36.307324],[30.083203,36.249365],[29.789258,36.168066],[29.689063,36.156689],[29.34834,36.258838],[29.223633,36.324463],[29.143262,36.397217],[29.116113,36.520117],[29.065527,36.590088],[29.058105,36.638135],[29.038281,36.693457],[28.969629,36.715332],[28.895898,36.673584],[28.816895,36.675293],[28.717676,36.700879],[28.483594,36.803809],[28.303711,36.811963],[28.195605,36.686328],[28.111523,36.646387],[28.019434,36.634473],[28.01416,36.670215],[28.083984,36.751465],[27.803809,36.736475],[27.655859,36.674609],[27.54043,36.684229],[27.453906,36.712158],[27.466895,36.746338],[27.554688,36.758887],[27.630859,36.78667],[27.934473,36.809277],[28.005371,36.831982],[28.083008,36.920264],[28.224414,36.996387],[28.242383,37.029053],[28.133691,37.029492],[27.668359,37.007422],[27.348926,37.01958],[27.311035,36.981885],[27.262988,36.976562],[27.249707,37.07915],[27.300195,37.126855],[27.368164,37.122412],[27.535059,37.163867],[27.520117,37.249121],[27.400586,37.306738],[27.37627,37.340723],[27.289551,37.348682],[27.219238,37.38916],[27.203906,37.491406],[27.147949,37.603613],[27.067969,37.65791],[27.077832,37.687695],[27.224414,37.725439],[27.254785,37.882324],[27.232422,37.978662],[27.158691,37.986865],[26.943848,38.062891],[26.878613,38.054785],[26.807422,38.13833],[26.682813,38.19834],[26.621094,38.176367],[26.582422,38.149268],[26.524707,38.162256],[26.42793,38.214355],[26.33291,38.24248],[26.290723,38.277197],[26.343652,38.370068],[26.416406,38.367871],[26.429688,38.440625],[26.372266,38.561914],[26.377832,38.62417],[26.441309,38.641211],[26.513574,38.629492],[26.586523,38.557031],[26.610352,38.486914],[26.59502,38.418604],[26.641309,38.352441],[26.674219,38.335742],[26.696387,38.405371],[26.727344,38.418604],[26.769922,38.388184],[26.861426,38.372949],[27.098633,38.415723],[27.144238,38.451953],[26.97041,38.447852],[26.906836,38.481738],[26.837793,38.557568],[26.795313,38.626416],[26.787695,38.660205],[26.763672,38.709619],[26.790137,38.736084],[26.90918,38.775781],[27.013672,38.886865],[26.970117,38.919043],[26.920313,38.934229],[26.866211,38.922949],[26.814941,38.960986],[26.808301,39.013916],[26.849316,39.056738],[26.853613,39.115625],[26.719336,39.260645],[26.681836,39.292236],[26.710742,39.339648],[26.813281,39.419043],[26.910938,39.517334],[26.899219,39.549658],[26.827051,39.562891],[26.484082,39.520703],[26.350781,39.484082],[26.113086,39.467383],[26.095996,39.520801],[26.101367,39.568945],[26.154688,39.656641],[26.149805,39.872852],[26.181348,39.990088],[26.313379,40.025],[26.475391,40.197266],[26.738086,40.400244],[27.012109,40.396338],[27.12168,40.452344],[27.28457,40.455615],[27.31416,40.414893],[27.332617,40.375928],[27.475586,40.319922],[27.728027,40.328809],[27.789355,40.350879],[27.848535,40.381738],[27.731836,40.481494],[27.769141,40.509619],[27.874902,40.512939],[27.989551,40.489453],[27.994824,40.466602],[27.964355,40.435303],[27.928906,40.38042],[27.962598,40.369873],[28.289062,40.403027],[28.630273,40.376465],[28.738867,40.390869],[29.007129,40.389746],[29.055176,40.42417],[28.974023,40.467383],[28.894629,40.482422],[28.841211,40.503467],[28.787891,40.534033],[28.958008,40.630566],[29.054102,40.649121],[29.507617,40.708398],[29.844922,40.738086],[29.849219,40.760107],[29.800586,40.760156],[29.364746,40.809277],[29.259766,40.847314],[29.113867,40.937842],[29.082227,40.963428],[29.045508,41.007568],[29.067383,41.10166],[29.094336,41.177246],[29.148145,41.221045],[29.322266,41.227734],[29.919336,41.15083],[30.344922,41.196924],[30.810059,41.084863],[31.254883,41.107617],[31.34668,41.15791],[31.458008,41.32002],[32.086426,41.589209],[32.306445,41.72959],[32.542188,41.806396],[32.94668,41.891748],[33.284766,42.00459],[33.381348,42.017578],[34.192969,41.963672],[34.750488,41.956836],[35.006445,42.063281],[35.154883,42.027539],[35.141016,41.989502],[35.114063,41.956982],[35.12207,41.891113],[35.20918,41.794385],[35.297754,41.728516],[35.558008,41.634033],[35.919824,41.713721],[35.978125,41.704834],[36.051758,41.682568],[36.179199,41.426562],[36.278418,41.336133],[36.405371,41.274609],[36.509668,41.2625],[36.587109,41.32666],[36.64707,41.352539],[36.777734,41.363477],[36.991992,41.275391],[37.066211,41.184424],[37.430957,41.114111],[37.765625,41.078906],[37.910059,41.001904],[38.381055,40.924512],[38.556934,40.936523],[38.852148,41.017676],[39.426367,41.106445],[39.80791,40.98252],[39.911133,40.966455],[40.000195,40.977148],[40.128418,40.943018],[40.265234,40.961328],[40.6875,41.107422],[40.819531,41.190234],[40.959473,41.211621],[41.083594,41.261182],[41.414355,41.423633],[41.510059,41.51748]]],[[[28.014453,41.969043],[27.987305,41.854883],[28.050293,41.72915],[28.197852,41.554492],[28.346387,41.466357],[28.946777,41.248389],[29.057227,41.229736],[29.032129,41.140479],[28.995996,41.061133],[28.95625,41.008203],[28.780371,40.97417],[28.294922,41.071484],[28.172168,41.080713],[28.085547,41.061328],[27.925195,40.990576],[27.747363,41.013281],[27.499414,40.973145],[27.430176,40.839941],[27.258008,40.687354],[26.974609,40.564014],[26.77207,40.498047],[26.467969,40.261475],[26.32998,40.123389],[26.271777,40.096582],[26.202734,40.075391],[26.225977,40.141699],[26.260156,40.202393],[26.252344,40.248145],[26.253809,40.314697],[26.355273,40.390234],[26.447461,40.44502],[26.720313,40.544238],[26.79209,40.626611],[26.578125,40.624658],[26.360938,40.606348],[26.224219,40.618066],[26.105469,40.611328],[26.067773,40.683398],[26.038965,40.726758],[26.069727,40.740283],[26.10918,40.749658],[26.178906,40.826514],[26.241211,40.883203],[26.331055,40.954492],[26.354102,40.99707],[26.354102,41.036768],[26.332617,41.064307],[26.328418,41.097021],[26.325684,41.143262],[26.330664,41.23877],[26.536426,41.343115],[26.602344,41.35415],[26.624902,41.401758],[26.609766,41.512158],[26.581348,41.60127],[26.544531,41.607227],[26.49502,41.633252],[26.4625,41.663379],[26.410547,41.696338],[26.320898,41.716553],[26.317969,41.744678],[26.327246,41.772803],[26.360352,41.801562],[26.511426,41.826367],[26.529297,41.84668],[26.549707,41.896729],[26.579688,41.947949],[26.615332,41.964893],[26.679199,41.96333],[26.800391,41.975146],[26.884863,41.991846],[26.96875,42.026855],[27.011719,42.058643],[27.193359,42.0771],[27.244336,42.093262],[27.294922,42.079541],[27.362891,42.025049],[27.474805,41.946875],[27.534863,41.920801],[27.579883,41.93291],[27.661133,41.961328],[27.738867,41.961523],[27.80166,41.956543],[27.831934,41.981299],[27.879199,41.986621],[28.014453,41.969043]]]]}},{"type":"Feature","properties":{"name":"Slovakia","role_pre":"consumer","role_post":"diversified","label":"SLOVAKIA"},"geometry":{"type":"Polygon","coordinates":[[[22.538672,49.072705],[22.524121,49.031396],[22.483203,48.983252],[22.432031,48.933545],[22.389453,48.873486],[22.332617,48.745068],[22.295215,48.68584],[22.142871,48.568506],[22.131836,48.405322],[22.111328,48.393359],[21.766992,48.338086],[21.721484,48.346582],[21.674609,48.378369],[21.648633,48.401465],[21.63252,48.418506],[21.602637,48.463672],[21.563184,48.495703],[21.504688,48.521875],[21.451367,48.552246],[21.382422,48.553467],[21.196387,48.510596],[21.067285,48.505908],[20.981152,48.519678],[20.866602,48.545654],[20.643164,48.549707],[20.490039,48.526904],[20.475,48.495117],[20.333789,48.295557],[20.128613,48.222021],[19.950391,48.146631],[19.898633,48.131348],[19.810059,48.155029],[19.70918,48.199805],[19.625391,48.223096],[19.564258,48.212842],[19.497461,48.162109],[19.466992,48.110693],[19.265137,48.073047],[18.91416,48.05083],[18.791895,48.000293],[18.750098,47.939453],[18.74834,47.892676],[18.778027,47.852881],[18.740625,47.806494],[18.724219,47.787158],[18.47627,47.777002],[18.145605,47.763428],[17.947949,47.766895],[17.761914,47.770166],[17.635254,47.809912],[17.480664,47.887598],[17.317285,47.990918],[17.301563,47.993359],[17.277246,48.004346],[17.174609,48.012061],[17.147363,48.005957],[17.085938,48.039551],[17.067871,48.083252],[16.972656,48.198096],[16.86543,48.386914],[16.862695,48.441406],[16.904492,48.503516],[16.943359,48.550928],[16.948828,48.588574],[16.953125,48.598828],[16.985254,48.676904],[17.063281,48.780762],[17.135645,48.841064],[17.188477,48.860937],[17.296875,48.842822],[17.482617,48.827783],[17.625391,48.841846],[17.758496,48.888135],[17.830859,48.928613],[17.892676,48.971143],[17.913281,48.99873],[17.940723,49.011963],[18.050879,49.036523],[18.085938,49.065137],[18.100391,49.119336],[18.109961,49.179785],[18.132617,49.224561],[18.160938,49.257373],[18.364844,49.33623],[18.383105,49.363916],[18.41582,49.390918],[18.476074,49.421094],[18.53457,49.464697],[18.596484,49.491455],[18.676172,49.488477],[18.749707,49.493994],[18.807031,49.509229],[18.832227,49.510791],[18.938184,49.498291],[18.957227,49.448291],[18.968359,49.39624],[19.149414,49.4],[19.250195,49.511426],[19.302344,49.524854],[19.38623,49.563623],[19.441602,49.597705],[19.479688,49.576367],[19.534766,49.504785],[19.593066,49.447119],[19.62666,49.424365],[19.630273,49.406641],[19.66416,49.396045],[19.730078,49.3896],[19.773926,49.372168],[19.787012,49.318555],[19.787988,49.269971],[19.767383,49.235205],[19.756641,49.204395],[19.802246,49.192334],[19.868945,49.204004],[19.916113,49.221387],[20.057617,49.181299],[20.107617,49.270752],[20.163672,49.316406],[20.236523,49.337646],[20.302539,49.365527],[20.362988,49.385254],[20.404688,49.384082],[20.422656,49.392334],[20.474512,49.390186],[20.53457,49.381201],[20.616113,49.391699],[20.729004,49.369922],[20.799512,49.328662],[20.868457,49.314697],[20.947266,49.31709],[21.001172,49.339844],[21.079395,49.418262],[21.136133,49.417041],[21.225,49.429443],[21.350488,49.42876],[21.639648,49.411963],[21.712109,49.381934],[21.890137,49.343457],[21.967676,49.299072],[22.002148,49.246094],[22.020117,49.209521],[22.202539,49.153223],[22.473047,49.081299],[22.538672,49.072705]]]}},{"type":"Feature","properties":{"name":"Russia","role_pre":"supplier","role_post":"sanctioned","label":"RUSSIA"},"geometry":{"type":"MultiPolygon","coordinates":[[[[59.313086,81.305225],[59.096973,81.292285],[58.719043,81.313525],[58.610156,81.337256],[58.634473,81.360352],[58.880566,81.391846],[59.075,81.397705],[59.280859,81.366113],[59.374609,81.325049],[59.313086,81.305225]]],[[[130.687305,42.302539],[130.658008,42.327783],[130.651563,42.37251],[130.617969,42.415625],[130.554102,42.474707],[130.526953,42.5354],[130.584473,42.567334],[130.576563,42.623242],[130.520605,42.674316],[130.439258,42.685547],[130.419922,42.699854],[130.424805,42.727051],[130.452734,42.75542],[130.492969,42.779102],[130.577246,42.811621],[130.722461,42.83584],[130.80332,42.856836],[130.868555,42.86333],[130.942871,42.851758],[131.005566,42.883105],[131.068555,42.902246],[131.083496,42.956299],[131.086133,43.038086],[131.108984,43.062451],[131.135547,43.097607],[131.175586,43.142187],[131.211914,43.257764],[131.239355,43.337646],[131.257324,43.378076],[131.261816,43.433057],[131.243945,43.469043],[131.20918,43.49043],[131.182422,43.505566],[131.180078,43.56709],[131.183594,43.650879],[131.174219,43.704736],[131.213281,44.00293],[131.255273,44.071582],[131.125781,44.469189],[131.086914,44.595654],[131.060645,44.659668],[131.003906,44.753223],[130.967773,44.799951],[130.981641,44.844336],[131.033008,44.888867],[131.082324,44.91001],[131.22793,44.920166],[131.268262,44.936133],[131.446875,44.984033],[131.4875,45.013135],[131.578711,45.083643],[131.613965,45.136572],[131.654004,45.205371],[131.74209,45.242627],[131.794922,45.305273],[131.851855,45.326855],[131.909277,45.27373],[131.977539,45.243994],[132.067383,45.225977],[132.181348,45.203271],[132.362988,45.159961],[132.549023,45.122803],[132.665625,45.093701],[132.723145,45.080566],[132.838672,45.061133],[132.88877,45.046045],[132.936035,45.029932],[133.011719,45.074561],[133.113477,45.130713],[133.096875,45.220459],[133.113379,45.321436],[133.186035,45.494824],[133.266992,45.545264],[133.30957,45.553076],[133.355469,45.572217],[133.436426,45.604687],[133.465625,45.651221],[133.449121,45.705078],[133.475781,45.757666],[133.484668,45.810449],[133.513086,45.878809],[133.551172,45.897803],[133.608008,45.920312],[133.647852,45.955225],[133.685742,46.008936],[133.711133,46.069629],[133.700684,46.139746],[133.750195,46.185937],[133.832813,46.224268],[133.861328,46.247754],[133.874805,46.309082],[133.880273,46.336035],[133.902734,46.366943],[133.886719,46.430566],[133.866602,46.499121],[133.95752,46.614258],[134.022656,46.713184],[134.038574,46.858154],[134.045996,46.881982],[134.071387,46.950781],[134.086426,46.978125],[134.136914,47.068994],[134.202148,47.128076],[134.189258,47.194238],[134.162988,47.25874],[134.167676,47.302197],[134.225195,47.352637],[134.260059,47.377734],[134.29082,47.413574],[134.339453,47.429492],[134.38252,47.438232],[134.483496,47.447363],[134.541895,47.485156],[134.596191,47.523877],[134.695801,47.624854],[134.728125,47.684473],[134.752344,47.71543],[134.698633,47.801416],[134.650293,47.874268],[134.591309,47.975195],[134.566016,48.02251],[134.605371,48.08291],[134.647266,48.120166],[134.669336,48.15332],[134.680859,48.210449],[134.665234,48.253906],[134.563574,48.321729],[134.456152,48.355322],[134.334961,48.368848],[134.293359,48.373437],[134.205859,48.359912],[133.842188,48.27373],[133.671777,48.207715],[133.573242,48.133008],[133.468359,48.097168],[133.301172,48.101514],[133.144043,48.105664],[133.020117,48.064404],[132.877148,47.979102],[132.772852,47.940088],[132.707227,47.947266],[132.636914,47.890088],[132.561914,47.768506],[132.47627,47.71499],[132.380176,47.729492],[132.149805,47.717969],[131.785254,47.680518],[131.556738,47.682031],[131.464258,47.722607],[131.319336,47.727832],[131.121875,47.697656],[131.002734,47.691455],[130.961914,47.709326],[130.932813,47.759814],[130.91543,47.84292],[130.848633,47.929443],[130.732617,48.019238],[130.712109,48.127637],[130.787207,48.25459],[130.804297,48.341504],[130.763477,48.388428],[130.746875,48.430371],[130.65918,48.483398],[130.597266,48.574658],[130.552148,48.60249],[130.565625,48.680127],[130.617188,48.773193],[130.553125,48.861182],[130.355273,48.866357],[130.195996,48.89165],[130.037109,48.972266],[129.792578,49.198877],[129.671094,49.278516],[129.591406,49.28667],[129.533691,49.323437],[129.498145,49.388818],[129.440723,49.389453],[129.384668,49.389453],[129.350098,49.362354],[129.309863,49.353857],[129.248438,49.378662],[129.185156,49.381396],[129.120117,49.362061],[129.065137,49.374658],[129.020313,49.419238],[128.938281,49.448926],[128.819336,49.46377],[128.770313,49.494727],[128.791016,49.541846],[128.769043,49.576953],[128.704004,49.600146],[128.526758,49.594238],[128.237109,49.559277],[127.999609,49.568604],[127.814258,49.622119],[127.711133,49.671533],[127.690137,49.716748],[127.636719,49.760205],[127.550781,49.801807],[127.502441,49.873437],[127.491797,49.975049],[127.512305,50.07168],[127.590234,50.208984],[127.395313,50.298584],[127.337207,50.350146],[127.351172,50.393604],[127.34082,50.428076],[127.306055,50.453516],[127.308203,50.494189],[127.347168,50.550098],[127.346875,50.621338],[127.307031,50.707959],[127.198242,50.829443],[127.02041,50.985889],[126.924805,51.100146],[126.911523,51.172314],[126.887695,51.230127],[126.854395,51.261377],[126.833789,51.314893],[126.847754,51.37417],[126.827344,51.412256],[126.801758,51.448047],[126.805469,51.505664],[126.774512,51.545068],[126.70918,51.566309],[126.688672,51.609912],[126.700781,51.703027],[126.653711,51.781299],[126.510547,51.92583],[126.468066,52.031299],[126.455566,52.126465],[126.394824,52.172998],[126.391504,52.214502],[126.383496,52.286523],[126.346289,52.30625],[126.324219,52.331641],[126.341699,52.362012],[126.312891,52.399756],[126.237598,52.444824],[126.20293,52.483838],[126.194434,52.519141],[126.156641,52.546631],[126.045898,52.57334],[126.016016,52.610205],[126.023242,52.643018],[126.04707,52.673486],[126.060156,52.691992],[126.056055,52.715869],[126.048145,52.739453],[126.004297,52.767871],[125.941602,52.800684],[125.871875,52.871533],[125.782813,52.890723],[125.728125,52.890723],[125.680762,52.930811],[125.695312,52.956299],[125.691699,53.003711],[125.649023,53.042285],[125.595996,53.057471],[125.545996,53.047607],[125.422461,53.08374],[125.225586,53.16582],[125.075,53.203662],[124.970898,53.197314],[124.906641,53.172656],[124.882129,53.129736],[124.812305,53.133838],[124.639844,53.210645],[124.465918,53.229639],[124.369141,53.270947],[124.291406,53.340869],[124.219922,53.370117],[124.154297,53.358691],[123.994727,53.405615],[123.740918,53.510986],[123.607813,53.546533],[123.559766,53.52666],[123.534766,53.526465],[123.489453,53.529443],[123.424023,53.530762],[123.30957,53.555615],[123.154102,53.54458],[122.957617,53.497705],[122.744727,53.468506],[122.51582,53.456982],[122.380176,53.4625],[122.337793,53.48501],[122.088867,53.451465],[121.743945,53.383594],[121.405469,53.317041],[120.985449,53.28457],[120.704102,53.171826],[120.421289,52.968066],[120.218164,52.839893],[120.094531,52.787207],[120.044336,52.718213],[120.067578,52.63291],[120.172754,52.60249],[120.360059,52.627002],[120.521094,52.615039],[120.656152,52.56665],[120.699219,52.493604],[120.650391,52.395898],[120.66543,52.299902],[120.744531,52.205469],[120.749805,52.096533],[120.681445,51.973047],[120.510547,51.848535],[120.237012,51.722998],[120.066895,51.600684],[119.966992,51.422119],[119.813184,51.267041],[119.756641,51.179492],[119.745996,51.107715],[119.684961,51.030127],[119.573438,50.946777],[119.512305,50.863135],[119.501758,50.779248],[119.445703,50.702832],[119.344043,50.633887],[119.280664,50.560986],[119.255859,50.48418],[119.216699,50.43252],[119.163672,50.406006],[119.191895,50.379834],[119.301562,50.353906],[119.346289,50.278955],[119.326074,50.154932],[119.259863,50.066406],[119.147461,50.013379],[118.979492,49.978857],[118.755957,49.962842],[118.451563,49.844482],[118.186621,49.692773],[117.873438,49.513477],[117.812598,49.513525],[117.698438,49.53584],[117.477148,49.609424],[117.245605,49.624854],[117.02168,49.692969],[116.888965,49.737793],[116.683301,49.823779],[116.631543,49.877051],[116.551172,49.920312],[116.351172,49.978076],[116.216797,50.009277],[116.13457,50.010791],[115.925977,49.952148],[115.795215,49.905908],[115.717773,49.880615],[115.587988,49.886035],[115.429199,49.896484],[115.365039,49.911768],[115.274512,49.948877],[115.098047,50.059424],[115.00332,50.138574],[114.87959,50.183057],[114.743164,50.233691],[114.674902,50.245703],[114.554004,50.241455],[114.386328,50.255469],[114.29707,50.274414],[114.221777,50.257275],[114.070703,50.204736],[113.881152,50.101123],[113.732422,50.061523],[113.574219,50.007031],[113.445508,49.941602],[113.319043,49.874316],[113.16416,49.797168],[113.09209,49.692529],[113.055566,49.61626],[112.914844,49.569238],[112.806445,49.523584],[112.697363,49.507275],[112.494922,49.532324],[112.375195,49.5146],[112.079688,49.424219],[111.934473,49.416016],[111.833398,49.403613],[111.735547,49.397754],[111.574805,49.376416],[111.511914,49.360937],[111.429297,49.342627],[111.336621,49.355859],[111.204199,49.304297],[110.82793,49.166162],[110.709766,49.142969],[110.631055,49.137598],[110.52959,49.187061],[110.427832,49.219971],[110.321387,49.215869],[110.199902,49.17041],[109.994531,49.205615],[109.750391,49.239307],[109.528711,49.269873],[109.453711,49.296338],[109.236719,49.334912],[108.919922,49.335352],[108.733008,49.335645],[108.613672,49.322803],[108.522461,49.341504],[108.406934,49.396387],[108.213086,49.524805],[108.098047,49.562646],[108.033789,49.593994],[108.00957,49.646875],[107.96543,49.653516],[107.936719,49.691016],[107.93877,49.740723],[107.934863,49.849023],[107.947852,49.924707],[107.916602,49.947803],[107.786816,49.96001],[107.630957,49.983105],[107.34707,49.98667],[107.233301,49.989404],[107.143066,50.033008],[107.040234,50.086475],[106.941309,50.19668],[106.853711,50.248291],[106.711133,50.312598],[106.574414,50.328809],[106.368457,50.317578],[106.217871,50.30459],[106.08252,50.332568],[105.996484,50.36792],[105.875195,50.405371],[105.692578,50.41416],[105.541602,50.44126],[105.383594,50.47373],[105.266699,50.460498],[105.185938,50.42959],[105.094727,50.389941],[104.976953,50.38291],[104.685352,50.341846],[104.596387,50.317187],[104.466309,50.306152],[104.353906,50.275293],[104.259961,50.214453],[104.179688,50.169434],[104.078711,50.154248],[103.958496,50.157275],[103.856152,50.171826],[103.802637,50.176074],[103.723242,50.153857],[103.63291,50.138574],[103.496289,50.164941],[103.421191,50.187061],[103.304395,50.200293],[103.233789,50.264258],[103.161719,50.290723],[103.039453,50.300635],[102.859668,50.333252],[102.76543,50.366553],[102.683301,50.387158],[102.546289,50.461328],[102.469434,50.525684],[102.406836,50.536182],[102.336426,50.544238],[102.288379,50.585107],[102.285742,50.634668],[102.30332,50.665527],[102.316602,50.718457],[102.276563,50.768701],[102.235059,50.791211],[102.215039,50.829443],[102.226172,50.901465],[102.210254,50.974316],[102.194531,51.050684],[102.151953,51.10752],[102.142383,51.216064],[102.160059,51.26084],[102.155664,51.31377],[102.111523,51.353467],[101.979199,51.382227],[101.821191,51.421045],[101.570898,51.467187],[101.464355,51.471484],[101.38125,51.452637],[101.304492,51.474756],[101.223242,51.513281],[101.085352,51.553027],[100.903613,51.604248],[100.710742,51.661572],[100.53623,51.713477],[100.468945,51.726074],[100.230371,51.729834],[100.03457,51.737109],[99.92168,51.755518],[99.787891,51.827539],[99.719238,51.871631],[99.612891,51.892529],[99.532324,51.899902],[99.407031,51.923535],[99.176172,51.998877],[99.091406,52.034863],[99.034277,52.0354],[98.958105,52.101709],[98.893164,52.117285],[98.848633,52.070068],[98.802539,51.957471],[98.760156,51.905078],[98.640527,51.801172],[98.352734,51.717627],[98.303125,51.674268],[98.276855,51.63457],[98.2375,51.578418],[98.219922,51.505615],[98.184668,51.485742],[98.103125,51.483545],[98.037598,51.449951],[97.98916,51.377051],[97.946875,51.348437],[97.923242,51.280469],[97.927344,51.250732],[97.917871,51.217871],[97.91084,51.165186],[97.835742,51.05166],[97.825293,50.985254],[97.856152,50.943359],[97.919824,50.887158],[97.953125,50.855176],[97.96416,50.817676],[97.961914,50.769141],[98.001172,50.702051],[98.029785,50.644629],[98.078906,50.603809],[98.14502,50.568555],[98.220508,50.557178],[98.279492,50.533252],[98.292676,50.486963],[98.277344,50.422998],[98.250293,50.302441],[98.2,50.227686],[98.170117,50.180566],[98.121973,50.106592],[98.103418,50.077832],[98.003906,50.014258],[97.936621,49.996777],[97.853906,49.946777],[97.785547,49.944531],[97.720703,49.944629],[97.650977,49.933594],[97.589355,49.911475],[97.54082,49.843115],[97.418359,49.773047],[97.359766,49.741455],[97.208594,49.730811],[97.136914,49.761719],[97.097656,49.805029],[97.049121,49.829883],[96.985742,49.882812],[96.711719,49.911572],[96.640234,49.897852],[96.598437,49.878418],[96.543262,49.892529],[96.505762,49.918701],[96.466406,49.911523],[96.381152,49.896045],[96.315039,49.901123],[96.229688,49.954102],[96.111719,49.982471],[96.065527,49.99873],[96.018555,49.998779],[95.989551,49.973584],[95.935742,49.96001],[95.899414,49.990576],[95.851953,50.012939],[95.789355,50.0125],[95.707812,49.966016],[95.567187,49.943848],[95.522656,49.91123],[95.441797,49.915527],[95.385645,49.941211],[95.329492,49.944141],[95.166211,49.943848],[95.111426,49.935449],[95.044336,49.961572],[95.012891,50.008252],[94.930273,50.04375],[94.81123,50.048193],[94.718066,50.043262],[94.675488,50.028076],[94.614746,50.02373],[94.564648,50.087939],[94.496875,50.132812],[94.458496,50.165723],[94.400195,50.179639],[94.354688,50.221826],[94.346875,50.303418],[94.319336,50.404883],[94.287012,50.511377],[94.251074,50.556396],[94.075781,50.572852],[93.989844,50.568848],[93.79541,50.577637],[93.662012,50.583691],[93.625586,50.585547],[93.501074,50.597461],[93.386816,50.608496],[93.270508,50.615576],[93.222559,50.606543],[93.103125,50.603906],[93.009863,50.654541],[92.970703,50.7125],[92.963574,50.744922],[92.941309,50.778223],[92.856445,50.789111],[92.779297,50.778662],[92.738672,50.710938],[92.681348,50.683203],[92.62666,50.688281],[92.578906,50.725439],[92.486426,50.765088],[92.426367,50.803076],[92.354785,50.86416],[92.295801,50.849805],[92.279004,50.812207],[92.265332,50.775195],[92.192383,50.700586],[92.104004,50.691992],[91.956543,50.697607],[91.804297,50.693604],[91.706348,50.665527],[91.63418,50.615137],[91.596875,50.575537],[91.52168,50.562012],[91.446484,50.522168],[91.415039,50.468018],[91.34082,50.470068],[91.300586,50.463379],[91.233789,50.452393],[91.062793,50.422607],[91.021582,50.415479],[90.917188,50.36416],[90.838086,50.32373],[90.760742,50.305957],[90.714355,50.259424],[90.655078,50.222363],[90.516895,50.21333],[90.364844,50.166895],[90.311328,50.151172],[90.224512,50.116699],[90.103711,50.10332],[90.053711,50.09375],[90.00498,50.069287],[89.977344,49.984326],[89.878027,49.953516],[89.744238,49.948096],[89.643848,49.903027],[89.634277,49.823291],[89.669531,49.750488],[89.654102,49.71748],[89.579199,49.699707],[89.475,49.660547],[89.395605,49.611523],[89.299219,49.611133],[89.243945,49.627051],[89.20293,49.595703],[89.17998,49.532227],[89.109473,49.501367],[89.008398,49.472803],[88.970605,49.48374],[88.94541,49.507666],[88.900195,49.539697],[88.863867,49.527637],[88.860352,49.481543],[88.831641,49.448437],[88.747852,49.44624],[88.682715,49.464551],[88.633203,49.486133],[88.544336,49.482568],[88.452441,49.472705],[88.393359,49.482861],[88.337793,49.472559],[88.192578,49.451709],[88.135547,49.381494],[88.134277,49.298437],[88.115723,49.256299],[88.028516,49.219775],[87.988086,49.186914],[87.934766,49.164551],[87.818262,49.162109],[87.814258,49.162305],[87.7625,49.16582],[87.668359,49.147217],[87.576563,49.132373],[87.51582,49.122412],[87.476172,49.091455],[87.416699,49.076611],[87.322852,49.085791],[87.296875,49.147656],[87.233691,49.216162],[87.148047,49.239795],[87.070605,49.25459],[87.000977,49.287305],[86.95293,49.32207],[86.812109,49.487891],[86.714355,49.558594],[86.626465,49.562695],[86.614258,49.609717],[86.665332,49.656689],[86.730664,49.695557],[86.728711,49.748682],[86.675488,49.777295],[86.610156,49.769141],[86.522266,49.707764],[86.417969,49.638477],[86.292383,49.5875],[86.242188,49.546338],[86.180859,49.499316],[86.092969,49.505469],[86.02959,49.503418],[85.974414,49.499316],[85.933594,49.550439],[85.880469,49.556543],[85.498438,49.605371],[85.371582,49.623926],[85.291895,49.599463],[85.232617,49.61582],[85.210156,49.664844],[85.136523,49.750732],[85.076465,49.821631],[85.000781,49.894141],[84.975195,49.951074],[84.999707,50.010303],[84.989453,50.061426],[84.924023,50.087988],[84.838965,50.091309],[84.607324,50.202393],[84.499023,50.21875],[84.400977,50.23916],[84.323242,50.23916],[84.257812,50.288232],[84.194531,50.437451],[84.175977,50.520557],[84.099316,50.604736],[84.002344,50.676855],[83.945117,50.774658],[83.859766,50.818018],[83.717773,50.887158],[83.581445,50.935742],[83.357324,50.99458],[83.27373,50.99458],[83.160254,50.989209],[83.092773,50.960596],[83.019238,50.897266],[82.919043,50.893115],[82.76084,50.893359],[82.718555,50.869482],[82.692969,50.826318],[82.611719,50.771484],[82.493945,50.727588],[82.326367,50.741895],[82.211914,50.719434],[82.098047,50.71084],[81.933691,50.766357],[81.752051,50.764404],[81.633887,50.739111],[81.465918,50.739844],[81.431445,50.771143],[81.451563,50.823682],[81.437695,50.871045],[81.410156,50.909766],[81.388281,50.956494],[81.319141,50.966406],[81.124609,50.946289],[81.071484,50.96875],[81.077539,51.014941],[81.112402,51.072363],[81.141016,51.146582],[81.127246,51.191064],[81.026758,51.185693],[80.965625,51.189795],[80.934082,51.242773],[80.877344,51.281445],[80.813086,51.283496],[80.735254,51.293408],[80.650488,51.277344],[80.605469,51.224219],[80.550684,51.216602],[80.491016,51.201758],[80.448047,51.18335],[80.421484,51.136377],[80.433594,51.092627],[80.452246,50.997607],[80.423633,50.946289],[80.345215,50.919092],[80.27041,50.924609],[80.220215,50.911768],[80.127246,50.85835],[80.086328,50.83999],[80.07207,50.807275],[80.065918,50.758203],[79.98623,50.774561],[79.859668,50.955469],[79.716406,51.16001],[79.554297,51.377979],[79.468848,51.493115],[79.14873,51.868115],[78.99209,52.047412],[78.721484,52.357031],[78.475488,52.638428],[78.198047,52.929688],[78.033496,53.094971],[77.859961,53.269189],[77.799414,53.317432],[77.704395,53.37915],[77.469238,53.498779],[77.132422,53.670117],[76.820703,53.822656],[76.575684,53.942529],[76.513086,53.993213],[76.484766,54.022559],[76.458594,54.055273],[76.42207,54.113525],[76.42168,54.151514],[76.65459,54.145264],[76.703027,54.182471],[76.788965,54.321875],[76.837305,54.442383],[76.759375,54.436865],[76.615527,54.387109],[76.53916,54.351074],[76.496484,54.335693],[76.266602,54.311963],[76.140527,54.258545],[75.880664,54.167969],[75.692871,54.114795],[75.656836,54.106006],[75.437207,54.089648],[75.398145,54.068506],[75.392383,54.021729],[75.377051,53.970117],[75.220215,53.893799],[75.052148,53.826709],[74.988965,53.819238],[74.886816,53.834033],[74.83418,53.825684],[74.681445,53.754395],[74.451953,53.647266],[74.430469,53.603711],[74.429297,53.550732],[74.402734,53.504443],[74.351562,53.487646],[74.277344,53.527734],[74.209961,53.576465],[74.068652,53.611426],[73.858984,53.619727],[73.731152,53.602783],[73.642969,53.57627],[73.469922,53.468896],[73.406934,53.447559],[73.371875,53.454395],[73.361914,53.506201],[73.326855,53.543164],[73.285742,53.598389],[73.305664,53.707227],[73.399414,53.811475],[73.554199,53.868311],[73.678906,53.929443],[73.715527,53.996191],[73.712402,54.042383],[73.666406,54.063477],[73.617969,54.067383],[73.589941,54.044971],[73.505664,53.999316],[73.380664,53.962842],[73.276563,53.955615],[73.229883,53.957812],[73.119336,53.980762],[72.914062,54.107324],[72.741016,54.124512],[72.622266,54.134326],[72.582715,54.121582],[72.564258,54.09043],[72.575586,54.056494],[72.599219,54.023047],[72.585938,53.995947],[72.530273,53.975781],[72.446777,53.941846],[72.404297,53.964453],[72.383008,54.053662],[72.387305,54.123047],[72.329492,54.181445],[72.269141,54.272119],[72.186035,54.325635],[72.105371,54.308447],[72.065625,54.231641],[72.004492,54.205664],[71.887402,54.221484],[71.677148,54.178027],[71.336426,54.15835],[71.093164,54.212207],[71.052734,54.260498],[71.152148,54.364062],[71.159766,54.45542],[71.15918,54.538623],[71.185547,54.599316],[71.12627,54.715039],[70.991797,54.950488],[70.910156,55.127979],[70.790332,55.261133],[70.738086,55.305176],[70.486328,55.282373],[70.417188,55.253174],[70.371484,55.212256],[70.293359,55.183594],[70.182422,55.162451],[70.087402,55.176758],[69.981738,55.199072],[69.870215,55.245654],[69.740234,55.307373],[69.493262,55.356885],[69.246973,55.37251],[68.977246,55.3896],[68.842969,55.35835],[68.712891,55.308496],[68.524805,55.204834],[68.438477,55.194434],[68.301953,55.186523],[68.20625,55.160937],[68.225293,55.115234],[68.244043,55.052441],[68.209375,55.003027],[68.155859,54.976709],[68.073828,54.95957],[67.939941,54.953711],[67.829883,54.943555],[67.693359,54.872412],[67.484668,54.854492],[67.257324,54.828809],[67.09834,54.788184],[66.754492,54.737891],[66.555371,54.71543],[66.222656,54.667383],[65.954688,54.659521],[65.914258,54.693311],[65.707813,54.618701],[65.476953,54.623291],[65.434375,54.593311],[65.378125,54.564453],[65.315918,54.551562],[65.237402,54.516064],[65.192188,54.441113],[65.157813,54.364404],[65.088379,54.340186],[64.99541,54.36875],[64.926758,54.396631],[64.809277,54.368555],[64.649902,54.352246],[64.525098,54.362158],[64.46123,54.38418],[64.199414,54.347412],[64.062891,54.30293],[64.037402,54.279736],[64.003906,54.26709],[63.84707,54.236475],[63.721191,54.24502],[63.701367,54.243213],[63.582031,54.221924],[63.413672,54.183203],[63.292676,54.170459],[63.191309,54.171045],[63.126563,54.139258],[63.073926,54.105225],[62.632715,54.069287],[62.588281,54.044434],[62.499023,54.013184],[62.040234,54.002637],[62.002344,53.979932],[61.985645,53.954395],[61.928711,53.946484],[61.598145,53.994922],[61.333691,54.049268],[61.231055,54.019482],[61.14375,53.963818],[61.113184,53.882471],[61.113184,53.812988],[61.113184,53.753467],[61.073535,53.710449],[60.985547,53.657422],[60.979492,53.621729],[61.098535,53.583105],[61.247949,53.550977],[61.336133,53.565186],[61.409961,53.587061],[61.474121,53.580273],[61.519141,53.554492],[61.534961,53.523291],[61.526563,53.501562],[61.498535,53.484668],[61.400977,53.455811],[61.311621,53.465723],[61.228906,53.445898],[61.185938,53.406201],[61.162793,53.336768],[61.199219,53.287158],[61.310938,53.275195],[61.436816,53.239404],[61.576172,53.222461],[61.659863,53.228467],[61.766211,53.173926],[62.014648,53.107861],[62.081055,53.057422],[62.082715,53.00542],[62.037109,52.966113],[61.974219,52.94375],[61.888574,52.955908],[61.719336,52.969385],[61.533594,52.978516],[61.400781,52.995996],[61.206934,52.989062],[61.047461,52.972461],[61.006543,52.93335],[60.944727,52.860156],[60.893262,52.819434],[60.802344,52.744727],[60.774414,52.675781],[60.821289,52.569824],[60.979492,52.394775],[60.994531,52.336865],[60.937598,52.280566],[60.828418,52.233398],[60.670313,52.15083],[60.499316,52.146338],[60.425488,52.125586],[60.233691,52.024512],[60.065527,51.976465],[60.030273,51.933252],[60.06748,51.890625],[60.280371,51.834619],[60.3875,51.772998],[60.418359,51.703906],[60.464746,51.651172],[60.630371,51.616943],[60.973535,51.537061],[60.993359,51.528711],[61.014844,51.492383],[61.363086,51.441895],[61.411328,51.414746],[61.554688,51.324609],[61.585059,51.229687],[61.512207,51.137012],[61.465039,50.990234],[61.389453,50.861035],[61.226855,50.774805],[60.942285,50.695508],[60.637988,50.663721],[60.508496,50.669189],[60.424805,50.67915],[60.288086,50.70415],[60.186719,50.769775],[60.112109,50.83418],[60.058594,50.850293],[60.005273,50.839697],[59.955176,50.799268],[59.887793,50.690186],[59.812402,50.582031],[59.751172,50.543945],[59.523047,50.492871],[59.497852,50.511084],[59.523926,50.582812],[59.495117,50.604297],[59.452344,50.62041],[59.170898,50.6479],[59.064355,50.668213],[58.984863,50.676123],[58.883691,50.694434],[58.814063,50.737207],[58.664551,50.868311],[58.547461,50.971045],[58.35918,51.063818],[58.188477,51.081738],[58.174707,51.072266],[58.045117,51.068848],[57.838867,51.09165],[57.828906,51.089014],[57.764844,51.046875],[57.716992,50.980957],[57.653809,50.925146],[57.557813,50.895557],[57.442188,50.888867],[57.3125,50.946533],[57.179004,51.036035],[57.011719,51.065186],[56.849609,51.045557],[56.790332,51.031592],[56.620215,50.980859],[56.566895,51.004492],[56.491406,51.019531],[56.325586,50.936084],[56.143945,50.844629],[56.104492,50.77627],[56.049707,50.713525],[55.929199,50.65376],[55.797656,50.602051],[55.68623,50.582861],[55.542285,50.601807],[55.361133,50.665283],[55.195215,50.744727],[55.014844,50.869775],[54.867969,50.941357],[54.727148,50.998096],[54.641602,51.011572],[54.572949,50.990234],[54.546094,50.946045],[54.565625,50.911279],[54.60625,50.879883],[54.637891,50.781055],[54.65,50.660156],[54.636133,50.591602],[54.596191,50.550684],[54.555273,50.535791],[54.517383,50.541162],[54.471484,50.583789],[54.443359,50.673926],[54.421484,50.780322],[54.297852,50.914062],[54.191113,50.995703],[54.139746,51.040771],[54.041504,51.115186],[53.956836,51.161182],[53.776465,51.213721],[53.688086,51.251807],[53.534668,51.399561],[53.448633,51.444531],[53.338086,51.482373],[53.247266,51.493604],[53.227344,51.484961],[53.038379,51.463721],[52.902637,51.466943],[52.820508,51.49458],[52.735059,51.4979],[52.728125,51.498145],[52.635156,51.479541],[52.617773,51.480762],[52.571191,51.481641],[52.496191,51.512158],[52.423047,51.594238],[52.331055,51.681299],[52.219141,51.709375],[52.007129,51.672705],[51.775391,51.554248],[51.609082,51.483984],[51.473438,51.482031],[51.395996,51.471289],[51.344531,51.475342],[51.301074,51.497412],[51.290723,51.540186],[51.269922,51.594482],[51.163477,51.647461],[51.017871,51.681641],[50.882422,51.719189],[50.793945,51.729199],[50.756152,51.675146],[50.643945,51.58916],[50.516309,51.505615],[50.353711,51.369727],[50.309277,51.321582],[50.246875,51.289502],[50.104883,51.25459],[49.932324,51.197168],[49.822266,51.131885],[49.666309,51.102295],[49.498047,51.083594],[49.424609,51.027002],[49.379492,50.934668],[49.323438,50.851709],[49.058691,50.726074],[48.91377,50.64458],[48.808398,50.601318],[48.734766,50.606885],[48.655176,50.619873],[48.625098,50.612695],[48.666016,50.550342],[48.700488,50.35376],[48.749414,50.228467],[48.784766,50.156445],[48.817969,50.099854],[48.843262,50.013135],[48.810254,49.962402],[48.758984,49.92832],[48.6,49.874707],[48.434277,49.828516],[48.334961,49.858252],[48.224805,49.931934],[48.181348,49.97002],[48.060742,50.093604],[47.849609,50.282324],[47.705762,50.377979],[47.599609,50.413574],[47.503613,50.402734],[47.429199,50.357959],[47.376367,50.318115],[47.326465,50.273535],[47.294727,50.21748],[47.297656,50.140234],[47.295215,50.058496],[47.24834,50.000879],[47.12959,49.939062],[46.991992,49.852734],[46.889551,49.696973],[46.823145,49.502246],[46.802051,49.36709],[46.85293,49.303857],[46.953418,49.252588],[47.018164,49.199902],[47.031348,49.150293],[47.014258,49.09834],[46.962207,49.03833],[46.85293,48.969629],[46.702637,48.805566],[46.60918,48.573877],[46.660938,48.412256],[46.853125,48.323584],[47.004297,48.284473],[47.064648,48.232471],[47.119043,48.127002],[47.111523,48.020117],[47.093262,47.947705],[47.130762,47.876758],[47.202051,47.79248],[47.292383,47.740918],[47.387305,47.768652],[47.481934,47.803906],[47.600195,47.78999],[47.934668,47.760693],[48.109961,47.74541],[48.166992,47.708789],[48.275684,47.589941],[48.413086,47.456494],[48.552539,47.320996],[48.600684,47.262305],[48.714355,47.100488],[48.831836,46.954932],[48.959375,46.774609],[48.950293,46.725781],[48.883594,46.70542],[48.776367,46.710352],[48.693555,46.736816],[48.64707,46.758691],[48.605273,46.765918],[48.558398,46.757129],[48.518555,46.734326],[48.502344,46.698633],[48.50918,46.649951],[48.541211,46.605615],[48.586035,46.5771],[48.610156,46.566455],[48.774316,46.507959],[48.958984,46.442139],[49.184277,46.348828],[49.232227,46.337158],[49.245898,46.291602],[49.125488,46.281738],[49.110645,46.228467],[49.07959,46.189209],[48.809961,46.100488],[48.742578,46.100732],[48.683691,46.086182],[48.687305,46.02876],[48.703418,45.976221],[48.749609,45.920557],[48.72959,45.896826],[48.689648,45.888867],[48.637402,45.905762],[48.589063,45.934863],[48.537305,45.942139],[48.487012,45.934863],[48.257617,45.777783],[48.15918,45.737012],[48.052832,45.720996],[47.830176,45.663037],[47.763965,45.665967],[47.701074,45.686182],[47.649805,45.656738],[47.633301,45.584033],[47.574023,45.634277],[47.508398,45.67417],[47.479395,45.687598],[47.463281,45.679688],[47.524219,45.601709],[47.529492,45.530225],[47.514551,45.490918],[47.488672,45.455078],[47.454492,45.433057],[47.413086,45.421045],[47.391113,45.294775],[47.35127,45.217725],[47.296191,45.149463],[47.221484,45.024268],[47.161523,44.969629],[47.114746,44.905957],[47.083789,44.816992],[47.039258,44.837891],[47.00293,44.876074],[46.983691,44.825586],[46.957422,44.782568],[46.841211,44.718262],[46.755273,44.656543],[46.716113,44.560693],[46.707227,44.50332],[46.720898,44.45166],[46.753027,44.420654],[46.915723,44.387158],[47.023633,44.343262],[47.122656,44.26167],[47.229883,44.192383],[47.307031,44.103125],[47.361523,43.993359],[47.429199,43.779883],[47.462793,43.555029],[47.562598,43.834668],[47.646484,43.884619],[47.627832,43.805957],[47.567969,43.684961],[47.508984,43.509717],[47.489844,43.381689],[47.511621,43.270752],[47.512891,43.21875],[47.463184,43.035059],[47.488867,42.999756],[47.529004,42.967139],[47.634863,42.903467],[47.709082,42.810937],[47.727734,42.680713],[47.769727,42.644775],[47.822363,42.613477],[48.080176,42.353711],[48.228613,42.180957],[48.303027,42.080225],[48.383789,41.953418],[48.426367,41.923975],[48.476758,41.905127],[48.572852,41.844482],[48.518652,41.779346],[48.430664,41.66333],[48.391406,41.601904],[48.298145,41.54502],[48.142285,41.484766],[48.056055,41.458691],[47.963672,41.333984],[47.861133,41.212744],[47.791016,41.199268],[47.591797,41.218115],[47.520605,41.229053],[47.317676,41.282422],[47.261133,41.315088],[47.205273,41.455615],[47.142578,41.516064],[47.063965,41.554688],[47.010156,41.5875],[46.987793,41.621387],[46.930859,41.67041],[46.825586,41.743408],[46.749316,41.812598],[46.690332,41.831348],[46.616016,41.806934],[46.571289,41.800098],[46.552148,41.812305],[46.537695,41.87041],[46.429883,41.890967],[46.411523,41.904639],[46.267773,41.960352],[46.212695,41.989893],[46.159766,41.992041],[46.048438,42.00874],[45.954004,42.0354],[45.910352,42.070703],[45.845996,42.109961],[45.726562,42.158887],[45.638574,42.205078],[45.634277,42.234717],[45.688379,42.357373],[45.727539,42.475049],[45.705273,42.498096],[45.655566,42.517676],[45.562891,42.535742],[45.34375,42.529785],[45.208203,42.648242],[45.160254,42.675],[45.071582,42.694141],[44.943359,42.730273],[44.870996,42.756396],[44.850488,42.746826],[44.771094,42.616797],[44.691797,42.709619],[44.644336,42.734717],[44.576465,42.748486],[44.505859,42.748633],[44.329492,42.703516],[44.199707,42.653613],[44.102734,42.616357],[44.004688,42.595605],[43.957422,42.566553],[43.825977,42.571533],[43.759863,42.593848],[43.738379,42.616992],[43.749902,42.65752],[43.79541,42.702979],[43.79873,42.727783],[43.782617,42.747021],[43.623047,42.807715],[43.557813,42.844482],[43.347949,42.89668],[43.08916,42.989062],[43.000195,43.049658],[42.991602,43.091504],[42.890039,43.132617],[42.760645,43.16958],[42.660254,43.159082],[42.566016,43.155127],[42.419043,43.224219],[42.279688,43.228076],[42.122266,43.207324],[42.087793,43.199121],[42.05,43.190137],[41.580566,43.219238],[41.460742,43.276318],[41.358203,43.333398],[41.083105,43.374463],[40.941992,43.418066],[40.80166,43.479932],[40.648047,43.533887],[40.518945,43.512012],[40.342285,43.542725],[40.150195,43.569775],[40.08457,43.553125],[40.02373,43.484863],[39.97832,43.419824],[39.873633,43.472803],[39.516699,43.727881],[39.329395,43.897266],[38.717285,44.288086],[38.63584,44.318018],[38.311816,44.374463],[38.18125,44.419678],[37.851465,44.698828],[37.704883,44.661377],[37.572461,44.67085],[37.495117,44.695264],[37.411328,44.735352],[37.352344,44.788379],[37.284082,44.905029],[37.204785,44.971973],[36.944434,45.06958],[36.650781,45.126465],[36.627637,45.151318],[36.619141,45.185498],[36.873047,45.251758],[36.941211,45.289697],[36.811035,45.340039],[36.761621,45.34834],[36.72041,45.371875],[36.79375,45.409717],[36.865918,45.427051],[36.977832,45.383594],[37.103516,45.302881],[37.213574,45.272314],[37.264258,45.310937],[37.647168,45.377197],[37.672949,45.429736],[37.671875,45.488379],[37.634375,45.486328],[37.609961,45.499512],[37.612402,45.564697],[37.669238,45.654053],[37.840918,45.799561],[37.933105,46.001709],[38.014258,46.047754],[38.073828,46.01709],[38.069727,45.969873],[38.07959,45.934814],[38.132812,46.002832],[38.183594,46.094824],[38.311816,46.095361],[38.400391,46.080029],[38.492285,46.090527],[38.315234,46.241943],[38.077734,46.394336],[37.977539,46.382861],[37.913867,46.406494],[37.80957,46.53208],[37.766504,46.636133],[37.867383,46.633789],[37.967969,46.618018],[38.159473,46.690674],[38.22998,46.70127],[38.343457,46.67832],[38.500977,46.663672],[38.487988,46.732178],[38.438672,46.813086],[38.630762,46.873047],[38.801074,46.906152],[39.126758,47.023438],[39.270703,47.044141],[39.289062,47.070898],[39.293457,47.105762],[39.244531,47.199512],[39.195703,47.268848],[39.02373,47.272217],[38.92832,47.175684],[38.668164,47.143945],[38.552441,47.150342],[38.644336,47.212207],[38.736035,47.23584],[38.761914,47.261621],[38.577246,47.239111],[38.484766,47.175537],[38.214355,47.091455],[38.205859,47.135596],[38.201367,47.175244],[38.221191,47.212744],[38.265332,47.236963],[38.280762,47.259033],[38.280762,47.27666],[38.241016,47.287695],[38.208008,47.296533],[38.201367,47.320801],[38.212402,47.342773],[38.243262,47.373682],[38.256543,47.408936],[38.258789,47.479541],[38.287402,47.55918],[38.368848,47.609961],[38.510938,47.622412],[38.640625,47.665918],[38.718945,47.714111],[38.822266,47.837012],[38.900293,47.855127],[39.057813,47.848486],[39.158496,47.837402],[39.391016,47.83374],[39.658496,47.841211],[39.735938,47.844824],[39.778711,47.887549],[39.775781,47.964453],[39.813965,48.035303],[39.885059,48.168359],[39.961035,48.237939],[39.95791,48.268896],[39.918164,48.281934],[39.866309,48.288428],[39.847461,48.302783],[39.849902,48.331934],[39.889844,48.360449],[39.882617,48.419092],[39.85752,48.484229],[39.835645,48.542773],[39.76543,48.571875],[39.644727,48.591211],[39.67041,48.662451],[39.70459,48.739355],[39.755859,48.78208],[39.792871,48.807715],[39.904102,48.79375],[39.984473,48.807373],[40.003613,48.82207],[39.98916,48.851416],[39.86377,48.877979],[39.75332,48.914453],[39.705664,48.95957],[39.686523,49.00791],[39.759473,49.036572],[39.889746,49.064062],[39.976367,49.129834],[40.07002,49.200293],[40.108789,49.251562],[40.12832,49.307227],[40.126172,49.368848],[40.057813,49.431543],[40.057813,49.49707],[40.094922,49.542676],[40.080664,49.576855],[40.030664,49.596729],[39.958496,49.590771],[39.876855,49.567676],[39.780566,49.572021],[39.626563,49.650684],[39.462793,49.728027],[39.368457,49.730664],[39.30293,49.742041],[39.245996,49.781934],[39.211816,49.833203],[39.174805,49.855957],[39.114941,49.841748],[39.027734,49.818408],[38.918359,49.824707],[38.77666,49.884326],[38.647754,49.952881],[38.551953,49.95459],[38.451172,49.964062],[38.258594,50.052344],[38.208691,50.051465],[38.177539,50.025391],[38.162695,49.954541],[38.146777,49.939404],[38.1125,49.927832],[38.046875,49.92002],[37.950293,49.964209],[37.704199,50.109082],[37.605078,50.214941],[37.582324,50.291846],[37.501367,50.340723],[37.422852,50.411475],[37.343164,50.417627],[37.254883,50.394971],[37.171094,50.360889],[37.13125,50.351514],[36.988477,50.339551],[36.759082,50.291846],[36.696387,50.24624],[36.619434,50.209229],[36.559668,50.234863],[36.499805,50.280469],[36.368848,50.296826],[36.306055,50.280469],[36.243359,50.311768],[36.189453,50.367822],[36.116406,50.408545],[36.007812,50.419678],[35.890234,50.437109],[35.796191,50.405762],[35.67373,50.345996],[35.591113,50.36875],[35.545508,50.43999],[35.488477,50.459912],[35.411621,50.539697],[35.391699,50.610937],[35.411621,50.642236],[35.440137,50.68208],[35.440137,50.727686],[35.417383,50.767578],[35.383203,50.798926],[35.346094,50.904297],[35.314746,50.949902],[35.309082,50.986914],[35.334766,51.021143],[35.311914,51.043896],[35.269141,51.046777],[35.198047,51.043896],[35.158105,51.060986],[35.115332,51.12085],[35.092578,51.180664],[35.064063,51.203418],[34.990234,51.201758],[34.868555,51.189209],[34.760352,51.169336],[34.712305,51.172217],[34.616797,51.203125],[34.491016,51.237061],[34.23418,51.243799],[34.213867,51.255371],[34.228418,51.276855],[34.280664,51.31167],[34.275,51.340186],[34.229883,51.363232],[34.206543,51.419922],[34.209277,51.484082],[34.200879,51.553809],[34.146777,51.607959],[34.11543,51.644971],[34.121094,51.67915],[34.23916,51.692236],[34.379297,51.716504],[34.402734,51.741504],[34.397852,51.78042],[34.113086,51.979639],[34.015332,52.155957],[33.92207,52.251465],[33.818848,52.315625],[33.735254,52.344775],[33.613379,52.332617],[33.451855,52.333789],[33.287109,52.353564],[33.148438,52.34043],[32.899707,52.256348],[32.806445,52.252637],[32.64541,52.279102],[32.50791,52.308545],[32.435449,52.307227],[32.391309,52.294824],[32.362988,52.272119],[32.282813,52.114014],[32.216797,52.082959],[32.122266,52.050586],[32.041602,52.04502],[31.973828,52.046631],[31.875586,52.070898],[31.782422,52.099414],[31.763379,52.101074],[31.758594,52.12583],[31.690625,52.220654],[31.649902,52.262207],[31.601562,52.284814],[31.577344,52.312305],[31.576563,52.426025],[31.585547,52.532471],[31.615918,52.546191],[31.526172,52.633008],[31.519434,52.69873],[31.563477,52.731445],[31.564844,52.759229],[31.535156,52.798242],[31.442773,52.861816],[31.353027,52.933447],[31.295117,52.989795],[31.258789,53.016699],[31.30293,53.060889],[31.364551,53.138965],[31.388379,53.184814],[31.417871,53.196045],[31.562988,53.20249],[31.668262,53.200928],[31.747461,53.18418],[31.777441,53.146875],[31.849707,53.106201],[32.055469,53.089453],[32.141992,53.091162],[32.250684,53.128369],[32.42627,53.210596],[32.469336,53.270312],[32.578027,53.312402],[32.644434,53.328906],[32.704297,53.336328],[32.710254,53.371436],[32.706445,53.419434],[32.685742,53.448145],[32.469629,53.546973],[32.442383,53.579248],[32.425195,53.617285],[32.450977,53.65332],[32.450195,53.69292],[32.200391,53.78125],[31.992188,53.796875],[31.820801,53.791943],[31.754199,53.810449],[31.783008,53.85498],[31.825293,53.93501],[31.837793,54.000781],[31.825977,54.030713],[31.791992,54.055908],[31.628418,54.111182],[31.403613,54.195947],[31.299121,54.291699],[31.245508,54.39165],[31.184766,54.452979],[31.074805,54.491797],[31.081934,54.51709],[31.154883,54.610937],[31.152148,54.625342],[31.121289,54.648486],[30.98418,54.695898],[30.798828,54.783252],[30.791016,54.806006],[30.804492,54.860937],[30.829883,54.91499],[30.866797,54.940723],[30.977734,55.050488],[30.977734,55.087793],[30.958887,55.137598],[30.877441,55.223437],[30.814453,55.278711],[30.810547,55.306982],[30.820996,55.330273],[30.861816,55.3604],[30.900586,55.397412],[30.908789,55.525342],[30.906836,55.57002],[30.882227,55.596387],[30.855957,55.60752],[30.800781,55.601123],[30.72168,55.622119],[30.662305,55.655469],[30.625586,55.66626],[30.586719,55.700293],[30.475391,55.768799],[30.45625,55.786816],[30.233594,55.845215],[30.042676,55.836426],[29.937012,55.845264],[29.881641,55.832324],[29.823926,55.795117],[29.744141,55.77041],[29.68457,55.769727],[29.630078,55.751172],[29.482227,55.68457],[29.412988,55.724854],[29.353418,55.784375],[29.373145,55.834717],[29.397949,55.881055],[29.396094,55.912207],[29.375,55.938721],[29.283008,55.967871],[29.087402,56.021143],[29.031738,56.021777],[28.947461,56.0021],[28.794727,55.942578],[28.74082,55.955371],[28.69082,56.002637],[28.636914,56.061768],[28.563965,56.091992],[28.407031,56.089014],[28.39209,56.086719],[28.316309,56.052539],[28.284277,56.055908],[28.147949,56.14292],[28.17334,56.190332],[28.202051,56.2604],[28.191699,56.315576],[28.169238,56.386865],[28.11084,56.510693],[28.103125,56.545703],[28.00752,56.599854],[27.991602,56.645312],[27.941406,56.703711],[27.89209,56.741064],[27.881543,56.82417],[27.848633,56.853418],[27.806055,56.86709],[27.655664,56.843213],[27.639453,56.845654],[27.711133,56.978076],[27.717383,57.054639],[27.762793,57.135107],[27.814551,57.166895],[27.830273,57.194482],[27.838281,57.247705],[27.828613,57.293311],[27.796875,57.316943],[27.672754,57.368115],[27.538672,57.429785],[27.511133,57.508154],[27.469727,57.524023],[27.351953,57.528125],[27.354297,57.550293],[27.371777,57.612549],[27.4,57.666797],[27.491992,57.724951],[27.514746,57.764209],[27.54209,57.799414],[27.752832,57.841016],[27.776953,57.856738],[27.778516,57.870703],[27.76875,57.884131],[27.721973,57.905469],[27.673438,57.934619],[27.644141,58.013916],[27.571094,58.138086],[27.502441,58.221338],[27.487793,58.270068],[27.505566,58.32627],[27.530078,58.381494],[27.531348,58.435254],[27.427051,58.733057],[27.43418,58.787256],[27.464453,58.841309],[27.513086,58.886279],[27.621777,58.944971],[27.757617,59.052002],[27.849512,59.192676],[27.897656,59.277637],[27.938184,59.297021],[28.016406,59.301709],[28.046094,59.327832],[28.061328,59.343262],[28.12832,59.357568],[28.151074,59.374414],[28.133008,59.403076],[28.06582,59.453174],[28.0125,59.484277],[28.063965,59.554004],[28.046289,59.647168],[28.013965,59.724756],[28.058008,59.781543],[28.131152,59.786523],[28.2125,59.724658],[28.33457,59.692529],[28.42373,59.734082],[28.453906,59.814258],[28.518164,59.849561],[28.603906,59.818066],[28.747656,59.806689],[28.866895,59.811914],[28.947266,59.82876],[28.981543,59.854785],[29.013379,59.901562],[29.079102,59.960986],[29.147266,59.999756],[29.669727,59.955664],[30.122559,59.873584],[30.156836,59.904297],[30.172656,59.957129],[30.059961,60.002588],[29.976758,60.026367],[29.872266,60.12085],[29.721191,60.195312],[29.569336,60.201855],[29.37041,60.175928],[29.069141,60.191455],[28.812695,60.331543],[28.643164,60.375293],[28.522266,60.482959],[28.491602,60.540137],[28.622461,60.491602],[28.640332,60.542871],[28.650586,60.610986],[28.577832,60.652539],[28.512793,60.677295],[28.179297,60.570996],[27.797656,60.536133],[28.151953,60.74585],[28.407422,60.896924],[28.455078,60.919629],[28.568164,60.960205],[28.662891,61.002832],[28.739063,61.05874],[28.992969,61.169043],[29.25166,61.287793],[29.492383,61.444238],[29.579395,61.493457],[29.690137,61.546094],[29.933203,61.711572],[30.009961,61.757373],[30.306445,61.964844],[30.479688,62.068213],[30.565625,62.127588],[30.935742,62.323779],[31.186719,62.481396],[31.285645,62.567822],[31.382422,62.69165],[31.437305,62.776123],[31.533984,62.8854],[31.536523,62.921631],[31.509277,62.955322],[31.437012,63.007715],[31.336719,63.068066],[31.247461,63.141895],[31.180859,63.208301],[30.974805,63.300635],[30.655273,63.41748],[30.418555,63.504053],[30.055371,63.689014],[29.991504,63.735156],[30.004102,63.747314],[30.210254,63.80332],[30.415332,63.94751],[30.503906,64.020605],[30.526074,64.077295],[30.52793,64.141113],[30.51377,64.2],[30.487891,64.236523],[30.390625,64.282422],[30.108105,64.366113],[30.041895,64.443359],[29.986621,64.524268],[29.985547,64.557715],[30.120117,64.644629],[30.126172,64.688086],[30.110254,64.732568],[30.072852,64.765039],[29.783203,64.804297],[29.70166,64.845752],[29.6375,64.911768],[29.604199,64.968408],[29.600879,65.001953],[29.622461,65.039502],[29.72002,65.080322],[29.81084,65.10791],[29.826953,65.145068],[29.826172,65.185303],[29.810547,65.204736],[29.629688,65.223877],[29.612402,65.234766],[29.608008,65.248682],[29.617188,65.265332],[29.714844,65.336963],[29.728027,65.473438],[29.819434,65.56875],[29.715918,65.624561],[29.723926,65.634375],[29.882617,65.663623],[30.029004,65.670703],[30.095313,65.681689],[30.102734,65.72627],[30.0875,65.786523],[29.936621,66.022949],[29.903418,66.091064],[29.803516,66.177051],[29.720703,66.234863],[29.670898,66.276123],[29.590723,66.356836],[29.544336,66.439697],[29.464355,66.532178],[29.371191,66.617041],[29.293262,66.695508],[29.093066,66.849219],[29.066211,66.891748],[29.069043,66.930225],[29.087012,66.970947],[29.243359,67.096582],[29.387695,67.201416],[29.572266,67.324365],[29.750586,67.426416],[29.941211,67.547461],[29.988086,67.668262],[29.979199,67.688574],[29.821582,67.754004],[29.524219,67.929102],[29.343848,68.061865],[29.062988,68.117969],[28.685156,68.189795],[28.560156,68.351367],[28.470703,68.488379],[28.479297,68.537646],[28.752051,68.771436],[28.777637,68.813818],[28.772852,68.840039],[28.744824,68.856445],[28.705957,68.865527],[28.453516,68.872266],[28.414062,68.90415],[28.566016,68.928223],[28.692188,68.961035],[28.898926,69.009668],[28.96582,69.021973],[29.118555,69.049951],[29.170898,69.071533],[29.209961,69.097021],[29.353027,69.270605],[29.388281,69.298145],[29.832715,69.360449],[29.994043,69.39248],[30.087305,69.432861],[30.131836,69.464258],[30.16377,69.501611],[30.186719,69.542773],[30.196484,69.580566],[30.159766,69.629883],[30.180176,69.63584],[30.227539,69.633789],[30.379688,69.584717],[30.61543,69.532568],[30.788867,69.528516],[30.860742,69.538428],[30.89668,69.56123],[30.922461,69.605811],[30.924121,69.651758],[30.869727,69.783447],[31.049512,69.769238],[31.452734,69.6896],[31.546973,69.696924],[31.666211,69.720996],[31.788574,69.815771],[31.879395,69.831982],[31.997949,69.809912],[32.030566,69.835303],[31.969336,69.913916],[31.98457,69.953662],[32.391602,69.868701],[32.56543,69.806494],[32.941699,69.751855],[33.007812,69.722119],[33.012598,69.670508],[32.994629,69.626172],[32.915039,69.601709],[32.754297,69.605713],[32.176758,69.674023],[32.091504,69.632568],[32.161328,69.596631],[32.330566,69.554248],[32.377734,69.479102],[32.636816,69.489453],[32.883789,69.46084],[32.999805,69.470117],[33.020996,69.445605],[32.941602,69.38335],[32.978906,69.367334],[33.255859,69.427734],[33.384863,69.444287],[33.454297,69.428174],[33.463672,69.378174],[33.417969,69.315283],[33.412988,69.267432],[33.327734,69.151855],[33.196387,69.116846],[33.141211,69.068701],[33.333398,69.098193],[33.435645,69.130371],[33.627051,69.28916],[33.684375,69.310254],[34.229395,69.313135],[34.352734,69.30293],[34.863965,69.228076],[35.00957,69.22124],[35.175879,69.230811],[35.233203,69.265576],[35.289844,69.275439],[35.85791,69.191748],[36.618262,69.003467],[37.730566,68.692139],[38.357617,68.415137],[38.430176,68.355615],[38.656836,68.321875],[38.705566,68.344727],[38.831543,68.324902],[39.568945,68.071729],[39.82334,68.058594],[39.789746,68.112158],[39.746289,68.162207],[39.809277,68.15083],[39.895605,68.114502],[40.035742,68.015381],[40.206641,67.941895],[40.380664,67.831885],[40.525781,67.789697],[40.656543,67.774072],[40.766309,67.743018],[40.966406,67.713477],[41.060938,67.444189],[41.133887,67.386035],[41.133887,67.266943],[41.261719,67.218457],[41.358789,67.209668],[41.354297,67.121436],[41.275586,66.914307],[41.188965,66.826172],[40.521582,66.446631],[40.10332,66.299951],[39.289062,66.132031],[38.653906,66.069043],[38.397559,66.064453],[37.900684,66.095605],[37.628223,66.12959],[37.294824,66.225049],[36.983691,66.272559],[36.769922,66.293555],[36.373438,66.302295],[35.513477,66.395801],[35.363965,66.428662],[34.824609,66.611133],[34.610254,66.559619],[34.482617,66.550342],[34.396094,66.613184],[34.430859,66.629785],[34.451563,66.651221],[34.146094,66.703271],[33.893652,66.706738],[33.75957,66.750977],[33.59541,66.784619],[33.522949,66.764355],[33.482031,66.764551],[33.150195,66.843945],[33.001953,66.908301],[32.847559,67.021533],[32.885254,67.061133],[32.930469,67.086816],[32.399902,67.152686],[31.895313,67.161426],[31.983008,67.129834],[32.201563,67.113232],[32.340625,67.067871],[32.500977,67.003857],[32.463672,66.916309],[32.686426,66.829541],[32.857324,66.746924],[32.862402,66.721387],[32.928711,66.704102],[33.180566,66.679932],[33.224414,66.603857],[33.18291,66.573877],[33.217383,66.531641],[33.405273,66.484277],[33.517676,66.471387],[33.655957,66.442627],[33.593262,66.38457],[33.476953,66.346875],[33.360547,66.329541],[33.41582,66.315625],[33.566699,66.320996],[34.112695,66.225244],[34.399805,66.128418],[34.691797,65.951855],[34.786328,65.864551],[34.793164,65.816357],[34.776953,65.768262],[34.734766,65.716309],[34.715527,65.664062],[34.615723,65.509912],[34.544141,65.456689],[34.406445,65.395752],[34.535938,65.27793],[34.671094,65.168115],[34.803516,64.985986],[34.827148,64.912695],[34.832617,64.800195],[34.952246,64.755957],[34.905469,64.738672],[34.858301,64.706689],[34.869531,64.56001],[35.035352,64.440234],[35.284082,64.362549],[35.432031,64.346777],[35.64707,64.37832],[35.802051,64.335352],[36.146484,64.189014],[36.301953,64.034375],[36.364941,64.002832],[36.71377,63.945068],[36.975195,63.909521],[37.372754,63.816748],[37.442188,63.813379],[37.635352,63.893408],[37.967969,63.949121],[38.070801,64.02583],[38.062207,64.091016],[37.977148,64.207031],[37.953711,64.320117],[37.843555,64.366309],[37.740625,64.396973],[37.42959,64.373584],[37.289551,64.37793],[37.183691,64.408496],[37.04043,64.48916],[36.769336,64.685254],[36.624219,64.750537],[36.578711,64.790967],[36.528223,64.847363],[36.53457,64.938623],[36.65293,64.935449],[36.785938,64.987158],[36.882812,65.172363],[37.050195,65.195898],[37.14082,65.194287],[37.528125,65.108252],[38.009375,64.87876],[38.115723,64.85459],[38.228223,64.851221],[38.412109,64.85708],[38.441992,64.827148],[38.540918,64.79126],[38.613086,64.78667],[39.053516,64.713916],[39.567383,64.570557],[39.758008,64.577051],[39.833008,64.656396],[39.848633,64.690527],[40.057813,64.770752],[40.203711,64.784033],[40.407813,64.754883],[40.444922,64.778711],[40.375391,64.896289],[40.28125,64.998096],[40.142676,65.063281],[39.896484,65.254785],[39.798047,65.349854],[39.749121,65.447949],[39.781152,65.534717],[39.816504,65.597949],[40.327832,65.751709],[40.512793,65.843799],[40.691602,65.963428],[40.774414,65.987891],[41.076074,66.021094],[41.475781,66.123437],[41.780859,66.259326],[42.083594,66.465918],[42.210547,66.519678],[42.313672,66.514746],[42.450781,66.482422],[42.602148,66.42251],[42.806543,66.411328],[43.005957,66.420947],[43.233203,66.415527],[43.550879,66.321289],[43.60332,66.291211],[43.653125,66.250977],[43.550391,66.173389],[43.541895,66.123389],[43.623926,66.146729],[43.737012,66.158398],[43.84375,66.142383],[43.944141,66.098682],[44.016699,66.049756],[44.104395,66.008594],[44.132422,66.064551],[44.145313,66.112744],[44.097168,66.235059],[44.220703,66.40708],[44.316406,66.481689],[44.488672,66.671777],[44.437109,66.794629],[44.429297,66.937744],[44.403906,67.004199],[44.291797,67.099658],[44.074414,67.167334],[43.855371,67.188623],[43.782422,67.254492],[43.795703,67.32959],[43.856348,67.439307],[44.036426,67.670654],[44.225391,67.995605],[44.231543,68.07124],[44.213867,68.112598],[44.226465,68.154443],[44.204688,68.25376],[44.169141,68.3271],[43.404004,68.608545],[43.358008,68.635791],[43.333203,68.673389],[43.413281,68.681738],[43.471973,68.679834],[44.048047,68.548828],[44.175293,68.541748],[45.078125,68.578174],[45.519434,68.546533],[45.891992,68.479687],[46.158398,68.291357],[46.429688,68.118848],[46.683594,67.970459],[46.69043,67.848828],[46.428906,67.823682],[46.174219,67.818164],[45.528711,67.757568],[45.374121,67.688867],[44.939453,67.477441],[44.902148,67.413135],[44.939453,67.350781],[45.138867,67.284717],[45.562207,67.185596],[45.752539,66.98916],[45.885352,66.891064],[45.986035,66.853125],[46.083984,66.843506],[46.297754,66.842822],[46.448535,66.818994],[46.492383,66.800195],[46.552344,66.818994],[46.69082,66.825537],[47.496484,66.929834],[47.655859,66.975928],[47.709082,67.04502],[47.768066,67.275635],[47.839258,67.355713],[47.908203,67.454688],[47.882617,67.515332],[47.874707,67.58418],[48.278711,67.650391],[48.653809,67.695264],[48.833203,67.681494],[48.87793,67.731348],[48.762695,67.827002],[48.695703,67.874219],[48.754297,67.895947],[48.840625,67.869727],[48.953906,67.853809],[49.155273,67.87041],[49.93125,68.065137],[50.233203,68.175342],[50.414062,68.218359],[50.699414,68.317725],[50.838867,68.349951],[51.078516,68.36333],[51.336133,68.402441],[51.616699,68.476318],[51.994727,68.53877],[52.055664,68.541309],[52.128809,68.532031],[52.285352,68.459375],[52.227441,68.418604],[52.183496,68.374268],[52.25918,68.350928],[52.322266,68.339697],[52.39668,68.351709],[52.475,68.382129],[52.669727,68.426758],[52.722656,68.484033],[52.647656,68.506152],[52.550098,68.592432],[52.435059,68.610205],[52.344043,68.608154],[52.683594,68.731201],[53.412891,68.912549],[53.801953,68.995898],[54.18584,69.00332],[54.491211,68.992334],[54.37627,68.964746],[53.874414,68.926611],[53.797656,68.907471],[53.798242,68.884668],[53.919531,68.87124],[53.970605,68.844287],[53.929297,68.811865],[53.891211,68.801514],[53.833887,68.708936],[53.758887,68.633984],[53.917676,68.536963],[53.930859,68.435547],[53.829492,68.382666],[53.690039,68.402539],[53.566699,68.36709],[53.342578,68.343213],[53.293359,68.31167],[53.260547,68.26748],[53.403125,68.256836],[53.515137,68.259668],[53.913672,68.231201],[53.967871,68.227344],[54.099219,68.259033],[54.23291,68.266309],[54.393945,68.275098],[54.476172,68.294141],[54.56123,68.273047],[54.717969,68.18418],[54.861328,68.201855],[54.923047,68.373828],[55.150879,68.480029],[55.418066,68.567822],[55.675293,68.575879],[55.924609,68.637305],[56.043652,68.648877],[56.275684,68.624072],[56.620215,68.619043],[56.909375,68.566699],[57.126855,68.554004],[57.444336,68.641504],[58.173047,68.889746],[58.237012,68.833936],[58.353906,68.916211],[58.918945,69.003809],[59.057324,69.006055],[59.059863,68.972559],[59.110156,68.896289],[59.22041,68.849609],[59.370508,68.738379],[59.29834,68.708447],[59.222559,68.691309],[59.112305,68.616309],[59.099023,68.444336],[59.310742,68.400293],[59.604297,68.351123],[59.725684,68.351611],[59.827539,68.380322],[59.858789,68.396045],[59.897363,68.421924],[59.922852,68.471338],[59.941406,68.510498],[59.865137,68.604932],[59.895996,68.706348],[60.160254,68.699512],[60.48916,68.728955],[60.637695,68.787012],[60.815137,68.895215],[60.933594,68.986768],[60.858594,69.145508],[60.664551,69.110254],[60.337305,69.457031],[60.170605,69.590918],[60.276465,69.652637],[60.558691,69.692334],[60.812988,69.821143],[60.909082,69.847119],[61.015918,69.851465],[61.770508,69.763037],[62.63125,69.743115],[63.361426,69.675293],[64.19043,69.534668],[64.592188,69.435645],[64.928516,69.325391],[64.896289,69.247803],[65.031543,69.269824],[65.326758,69.201367],[65.52793,69.173438],[65.735742,69.132324],[65.812695,69.077002],[66.084766,69.036328],[66.365625,68.961328],[66.416113,68.947852],[66.756445,68.891992],[67.002441,68.873584],[67.149219,68.753955],[67.639648,68.579297],[67.730762,68.513672],[68.156934,68.403662],[68.371191,68.314258],[68.504199,68.348438],[68.829492,68.567432],[69.024316,68.817969],[69.140527,68.950635],[68.924414,68.956201],[68.762891,68.917383],[68.65957,68.927393],[68.542773,68.96709],[68.355078,69.067578],[68.117383,69.23623],[68.073047,69.420801],[68.005859,69.480029],[67.774316,69.52998],[67.624121,69.584424],[67.064453,69.693701],[66.964063,69.655566],[66.93418,69.59668],[66.89668,69.553809],[66.840234,69.60918],[66.804004,69.659229],[66.80293,69.740137],[66.832227,69.842187],[66.926367,70.014258],[67.069043,70.005615],[67.144434,70.030615],[67.239258,70.108057],[67.197461,70.171631],[67.146484,70.219922],[67.156836,70.295117],[67.246875,70.500098],[67.284766,70.738721],[67.211523,70.798438],[67.143359,70.837549],[66.822461,70.797363],[66.702246,70.818506],[66.675195,70.864697],[66.666113,70.900586],[66.758789,70.962354],[66.84707,71.063721],[66.692578,71.041699],[66.639648,71.081396],[66.768066,71.139893],[66.917578,71.282373],[67.274219,71.347852],[67.541797,71.412012],[67.959375,71.548389],[68.269238,71.682812],[68.469434,71.852637],[68.607422,72.012744],[68.829688,72.391553],[69.039062,72.669922],[69.391406,72.955518],[69.611816,72.981934],[69.694336,72.977539],[69.708984,72.956396],[69.658789,72.931836],[69.645117,72.897559],[69.738281,72.884961],[69.8875,72.882568],[70.172168,72.901172],[70.655371,72.890381],[71.500195,72.913672],[71.616992,72.9021],[71.92959,72.819678],[72.100977,72.829004],[72.446387,72.790332],[72.633789,72.744482],[72.812109,72.691406],[72.787402,72.482959],[72.75293,72.343164],[72.624414,72.079443],[72.574121,72.012549],[72.375,71.821631],[72.279492,71.695508],[72.129688,71.60918],[71.912012,71.547949],[71.884375,71.511377],[71.867285,71.457373],[72.079297,71.306689],[72.581348,71.151123],[72.704492,70.963232],[72.731641,70.822852],[72.7,70.457324],[72.65332,70.403418],[72.561914,70.345557],[72.469434,70.274951],[72.529688,70.17251],[72.599414,69.793213],[72.615625,69.484033],[72.557324,69.378418],[72.527051,69.154248],[72.527344,69.080518],[72.576758,68.968701],[72.67832,68.874854],[72.811914,68.815234],[73.190723,68.706787],[73.548047,68.574512],[73.573438,68.532617],[73.591699,68.481885],[73.465234,68.430762],[73.266406,68.294482],[73.139453,68.181348],[73.129395,68.090918],[73.173047,67.973047],[73.152148,67.865039],[73.066797,67.766943],[72.94873,67.69624],[72.594336,67.586963],[71.847461,67.007617],[71.668164,66.939697],[71.365234,66.961523],[71.448926,66.878955],[71.551172,66.760449],[71.539551,66.683105],[71.341992,66.686719],[71.065625,66.604492],[70.939453,66.548145],[70.724902,66.519434],[70.561426,66.548682],[70.382812,66.60249],[70.408887,66.647607],[70.442578,66.668262],[70.567969,66.700879],[70.690723,66.745312],[70.630762,66.754199],[70.579102,66.75376],[70.443945,66.697314],[70.283398,66.685791],[70.09375,66.754346],[69.948633,66.82998],[69.877148,66.845459],[69.74043,66.8146],[69.217773,66.828613],[69.078711,66.815918],[69.013477,66.78833],[69.051172,66.766357],[69.091113,66.723584],[69.143945,66.640723],[69.194336,66.578662],[69.412012,66.510742],[69.700977,66.48457],[69.982422,66.401416],[70.339453,66.342383],[71.145508,66.36665],[71.358008,66.359424],[71.565625,66.33374],[71.916992,66.246729],[72.067578,66.25332],[72.321582,66.332129],[72.383984,66.506543],[72.417383,66.560791],[73.341602,66.806836],[73.513574,66.861084],[73.79209,66.995312],[73.883301,67.084961],[73.98623,67.327686],[74.074512,67.414111],[74.676074,67.694629],[74.769531,67.766357],[74.787305,67.89751],[74.778223,67.985938],[74.742676,68.073535],[74.632422,68.218311],[74.51123,68.303076],[74.391406,68.420605],[74.480957,68.658887],[74.57959,68.751221],[75.124609,68.861719],[75.589551,68.901172],[76.10752,68.975732],[76.316016,68.991504],[76.45918,68.978271],[76.605762,68.897607],[76.735059,68.776904],[77.111719,68.596191],[77.238477,68.46958],[77.261035,68.315576],[77.248438,67.941016],[77.174414,67.778516],[77.325098,67.735645],[77.395605,67.698682],[77.579199,67.643945],[77.675098,67.5896],[77.771582,67.570264],[77.985547,67.55918],[78.589551,67.578467],[78.922461,67.589111],[78.887598,67.613135],[78.839063,67.631201],[78.559082,67.639111],[78.16123,67.678369],[77.588281,67.751904],[77.520117,67.909619],[77.535937,68.007666],[77.664844,68.190381],[77.756836,68.222363],[77.868262,68.234717],[77.995117,68.259473],[77.958691,68.377051],[77.906836,68.482275],[77.785254,68.630469],[77.650684,68.903027],[77.466309,68.905127],[77.32832,68.958643],[76.644922,69.117383],[76.000977,69.235059],[75.561133,69.251807],[75.42002,69.238623],[75.053516,69.116309],[74.814844,69.090576],[74.362598,69.14458],[73.977441,69.114648],[73.836035,69.143213],[73.775684,69.198242],[73.890918,69.417969],[73.832715,69.503906],[73.663281,69.61709],[73.560156,69.707227],[73.578125,69.802979],[73.830176,70.175684],[73.937402,70.272852],[74.206738,70.445459],[74.343359,70.578711],[74.310938,70.653613],[73.731543,71.068701],[73.576563,71.216504],[73.507227,71.263525],[73.365234,71.319775],[73.150488,71.385205],[73.08623,71.444922],[73.671777,71.845068],[73.939453,71.914746],[74.31123,71.957813],[74.489063,71.997021],[74.804102,72.077393],[74.992188,72.144824],[75.053223,72.199219],[75.089941,72.263135],[75.09707,72.420654],[75.060352,72.548779],[75.008008,72.619434],[74.896875,72.710107],[74.786816,72.811865],[74.864941,72.838428],[74.942188,72.853809],[75.152441,72.852734],[75.369336,72.796631],[75.474902,72.68501],[75.603516,72.581055],[75.603125,72.512158],[75.591406,72.457227],[75.644336,72.382275],[75.691113,72.35],[75.741406,72.29624],[75.694434,72.253516],[75.644336,72.232324],[75.550195,72.170801],[75.394531,71.983203],[75.273828,71.958936],[75.247461,71.813379],[75.503223,71.654639],[75.468555,71.534375],[75.417188,71.494678],[75.280273,71.430078],[75.298047,71.378467],[75.332031,71.341748],[75.733594,71.265918],[76.110449,71.218555],[76.741992,71.202051],[76.929004,71.127881],[76.995215,71.181055],[77.589648,71.16792],[78.068262,70.986328],[78.320605,70.93042],[78.525781,70.911816],[78.942187,70.933789],[79.01543,70.950195],[79.083887,71.002002],[78.888672,70.997168],[78.803516,70.973535],[78.723926,70.975977],[78.587695,70.993896],[78.491406,71.025391],[78.386523,71.087109],[78.212598,71.266309],[77.908398,71.324072],[77.706641,71.300586],[77.481055,71.311572],[77.113672,71.409375],[76.871191,71.446582],[76.433398,71.55249],[76.312109,71.595459],[76.215723,71.682861],[76.103613,71.829004],[76.032422,71.9104],[76.124023,71.926611],[76.42168,72.006006],[76.871387,72.033008],[77.061328,72.004199],[77.550781,71.84209],[77.777539,71.836426],[78.186914,71.90708],[78.232422,71.952295],[78.14082,72.044678],[78.016406,72.092041],[77.780664,72.114307],[77.492871,72.071729],[77.41084,72.107764],[77.439746,72.156543],[77.471582,72.192139],[77.625293,72.201416],[77.733203,72.229199],[77.968164,72.328711],[78.225391,72.377441],[78.482617,72.394971],[79.42207,72.380762],[79.953906,72.223047],[80.474023,72.153125],[80.699219,72.098291],[80.7625,72.08916],[80.814746,72.054297],[80.856055,71.970215],[81.51123,71.746143],[81.661621,71.715967],[82.079883,71.706836],[82.547266,71.758594],[82.757812,71.764111],[82.986133,71.748682],[83.106641,71.720508],[83.233594,71.668164],[83.165527,71.602197],[83.105664,71.562451],[82.977051,71.451367],[82.917969,71.419922],[82.493164,71.292871],[82.322852,71.26001],[82.276953,71.093457],[82.254297,71.056201],[82.23916,70.997705],[82.316016,70.879443],[82.335938,70.807373],[82.270703,70.706738],[82.163184,70.598145],[82.182422,70.511475],[82.221191,70.395703],[82.23584,70.430273],[82.231445,70.48291],[82.258398,70.543604],[82.45166,70.690088],[82.59248,70.889941],[82.737793,70.94209],[82.869141,70.954834],[83.010156,70.89541],[83.051074,70.815234],[83.058398,70.694727],[83.030176,70.580518],[82.919824,70.407422],[82.74248,70.286475],[82.682324,70.217725],[82.767285,70.154053],[82.856543,70.104541],[82.961035,70.088281],[83.080762,70.093018],[83.10957,70.10957],[83.132031,70.157178],[83.094141,70.221094],[83.073828,70.276709],[83.293457,70.321338],[83.49707,70.345264],[83.659863,70.418359],[83.700488,70.466406],[83.735938,70.546484],[83.65127,70.672217],[83.578906,70.765918],[83.333887,70.988525],[83.15127,71.103613],[83.266016,71.275879],[83.457617,71.467529],[83.531055,71.514258],[83.550488,71.543652],[83.571289,71.594385],[83.553516,71.649805],[83.534375,71.683936],[83.34043,71.827539],[83.200293,71.874707],[82.755078,71.902832],[82.64541,71.925244],[82.319141,72.071826],[82.280664,72.105127],[82.209277,72.211182],[82.183594,72.237549],[82.093652,72.26543],[81.792871,72.326611],[81.58623,72.351709],[81.282715,72.358838],[81.098145,72.389746],[80.827051,72.488281],[80.797754,72.519971],[80.719629,72.6479],[80.65625,72.712012],[80.675391,72.75918],[80.77373,72.860791],[80.841602,72.94917],[80.757422,73.025244],[80.638672,73.04917],[80.509668,73.086084],[80.455469,73.155225],[80.424512,73.231152],[80.418945,73.289648],[80.398047,73.356836],[80.458301,73.413721],[80.595898,73.474023],[80.561914,73.51499],[80.583203,73.568457],[81.468848,73.64043],[81.816992,73.658838],[83.544727,73.666504],[83.666992,73.686475],[84.417383,73.722021],[84.737891,73.762842],[85.077441,73.719531],[85.200586,73.721533],[85.44834,73.734619],[85.611426,73.821582],[85.979297,73.856934],[86.591406,73.894287],[86.892969,73.887109],[86.961328,73.860742],[87.029492,73.82417],[86.697656,73.716846],[86.365918,73.619775],[86.094141,73.57832],[85.827051,73.492773],[85.800488,73.458936],[85.792578,73.43833],[85.802441,73.37168],[85.818164,73.326953],[86.098145,73.272607],[86.30791,73.195752],[86.514355,73.140479],[86.677051,73.106787],[86.715039,73.12583],[86.12168,73.306738],[85.970801,73.34707],[85.910059,73.39043],[85.938965,73.456494],[85.998926,73.48584],[86.092383,73.519141],[86.155078,73.534668],[86.37627,73.568848],[87.120117,73.615039],[87.294434,73.704688],[87.369531,73.755908],[87.571191,73.810742],[87.503223,73.832471],[87.3375,73.846045],[87.209668,73.878662],[86.69707,74.195312],[86.571094,74.24375],[86.177832,74.279395],[86.001367,74.316016],[86.18291,74.423047],[86.395801,74.450098],[86.538477,74.444238],[86.664746,74.414258],[86.897949,74.325342],[87.229688,74.363867],[87.106152,74.403564],[86.894238,74.449707],[86.700098,74.522461],[86.425684,74.585498],[86.116113,74.628564],[85.791016,74.645117],[85.880762,74.740234],[86.058887,74.728223],[86.119531,74.757422],[86.20127,74.816211],[86.651465,74.682422],[86.862891,74.717871],[87.041797,74.778857],[87.419336,74.940918],[87.467578,75.013232],[87.287402,75.052539],[87.140723,75.072266],[86.939063,75.068115],[86.92168,75.112793],[87.005957,75.169824],[87.170801,75.191748],[87.671387,75.12959],[88.503711,75.290479],[88.733105,75.369189],[89.310254,75.470117],[89.595117,75.458252],[90.184961,75.591064],[91.004687,75.649561],[91.479492,75.649658],[91.84541,75.723682],[92.40752,75.749658],[92.602539,75.779102],[93.549805,75.854102],[94.075195,75.912891],[94.156348,75.959229],[93.687012,75.921582],[93.574023,75.956299],[93.475488,75.932861],[93.406055,75.90127],[93.178125,75.958984],[93.116309,75.944629],[93.068652,75.912842],[92.986621,75.902686],[92.89043,75.909961],[92.858594,75.979492],[92.971582,76.075098],[93.104883,76.02583],[93.259277,76.098779],[93.35957,76.100732],[93.648438,76.05415],[93.842871,76.101318],[94.102344,76.123584],[94.388281,76.102783],[94.506738,76.107959],[94.575586,76.151758],[95.038477,76.113525],[95.359277,76.1396],[95.578711,76.137305],[95.919922,76.113135],[96.075488,76.081982],[95.986035,76.009668],[95.65332,75.892188],[95.743848,75.872314],[95.934766,75.926025],[96.508594,76.005566],[96.600586,75.989893],[96.537695,75.921631],[96.49707,75.891211],[96.879199,75.931055],[97.205469,76.018701],[97.350684,76.033398],[97.499219,75.980225],[97.637695,76.029053],[97.669824,76.078027],[97.918359,76.088672],[98.02002,76.133691],[98.194629,76.166406],[98.341992,76.180566],[98.662012,76.242676],[98.771289,76.224023],[98.984668,76.207568],[99.187305,76.177637],[99.562695,76.109326],[99.615625,76.082324],[99.663184,76.078027],[99.77041,76.02876],[99.689258,75.956348],[99.602344,75.852051],[99.442187,75.803174],[99.540723,75.798584],[99.609375,75.811279],[99.7375,75.880664],[99.851367,75.930273],[99.825391,76.135937],[99.616797,76.240186],[99.460645,76.275098],[99.093848,76.384326],[98.969531,76.430811],[98.805664,76.480664],[98.869434,76.50957],[99.57627,76.471436],[99.935742,76.489893],[100.322363,76.47915],[100.84375,76.525195],[101.060742,76.477246],[101.310742,76.478906],[101.597754,76.439209],[101.683789,76.485498],[101.212988,76.535693],[101.002637,76.530518],[100.928027,76.556738],[101.00625,76.615088],[101.099316,76.704004],[101.008203,76.781348],[100.92041,76.82251],[100.905859,76.900684],[100.989941,76.990479],[101.185742,77.028564],[101.292871,77.101562],[101.517676,77.198096],[102.610156,77.508545],[103.131445,77.626465],[103.33125,77.641064],[103.560742,77.631934],[104.014551,77.73042],[104.184863,77.730469],[104.814258,77.6521],[104.965234,77.594727],[105.308984,77.549219],[105.710254,77.525244],[105.894531,77.488867],[105.983398,77.447607],[106.05957,77.390527],[105.73418,77.352002],[105.38457,77.237842],[104.911914,77.174707],[104.323633,77.132666],[104.202441,77.101807],[105.320215,77.092334],[105.645898,77.100684],[105.712012,77.001465],[105.822168,76.99751],[106.14541,77.045312],[106.338672,77.047852],[106.705078,77.01377],[106.783691,77.031787],[106.941602,77.034375],[107.278906,76.990967],[107.429785,76.926563],[107.190234,76.822021],[106.940918,76.730469],[106.63877,76.573389],[106.545508,76.586279],[106.384668,76.589453],[106.413574,76.512256],[106.683203,76.514697],[106.825391,76.480078],[107.157715,76.524072],[107.624219,76.510107],[107.722168,76.522314],[107.902246,76.569678],[107.949902,76.660645],[108.02793,76.718457],[108.181641,76.737842],[108.352051,76.719531],[108.638379,76.720117],[109.369336,76.749219],[109.981152,76.711865],[110.471484,76.758398],[111.114844,76.723047],[111.39248,76.68667],[111.600586,76.622314],[111.786133,76.603564],[111.938672,76.553418],[112.093945,76.480322],[112.016797,76.420557],[111.942676,76.380469],[112.142773,76.423975],[112.29707,76.434668],[112.413281,76.408301],[112.619531,76.383545],[112.68418,76.218848],[112.742578,76.186914],[112.798438,76.129639],[112.721875,76.077197],[112.65625,76.053564],[112.818945,76.058594],[113.04668,76.114111],[113.094043,76.13291],[113.150391,76.174512],[113.066016,76.215234],[112.987988,76.239746],[113.086035,76.258105],[113.272656,76.25166],[113.365527,76.178857],[113.427734,76.112109],[113.563867,75.89165],[113.857227,75.921289],[113.870996,75.856006],[113.74873,75.704785],[113.619922,75.592676],[113.567578,75.568408],[113.485938,75.563965],[113.517188,75.621875],[113.469043,75.656689],[113.391602,75.677881],[113.126367,75.698682],[112.629199,75.8354],[112.49668,75.849902],[112.466113,75.843652],[112.453027,75.830176],[112.72959,75.737646],[112.955664,75.571924],[113.161523,75.620508],[113.242969,75.611426],[113.35625,75.534277],[113.558887,75.502051],[113.726172,75.450635],[113.613574,75.292969],[112.924902,75.015039],[112.191992,74.853174],[111.868262,74.740039],[111.299023,74.658447],[110.892773,74.548096],[110.373535,74.466064],[110.225879,74.378662],[109.840332,74.321973],[109.866406,74.293066],[109.911328,74.261328],[109.863867,74.208887],[109.810254,74.169189],[109.51084,74.088818],[109.075,74.032324],[108.199512,73.694092],[107.76543,73.625],[107.271094,73.621045],[107.166992,73.589404],[106.794238,73.37666],[106.679395,73.330664],[106.188672,73.308008],[105.677148,72.959277],[105.392773,72.841016],[105.143945,72.777051],[105.402734,72.789941],[105.708203,72.83667],[106.066699,72.949854],[106.15957,73.002002],[106.208789,73.060547],[106.315039,73.106396],[106.47793,73.139404],[107.108789,73.177295],[107.36875,73.163135],[107.750391,73.173145],[108.00127,73.235596],[108.150977,73.25791],[108.285352,73.265869],[108.351465,73.310205],[108.575391,73.319043],[109.089941,73.378418],[109.165625,73.399609],[109.331055,73.487451],[109.637109,73.454004],[109.855273,73.472461],[110.428711,73.628906],[110.77334,73.68916],[110.868164,73.730713],[110.799219,73.759766],[110.722363,73.779932],[110.388281,73.726025],[110.091211,73.708545],[109.752734,73.722559],[109.706738,73.74375],[109.665625,73.800244],[109.774121,73.88125],[109.869141,73.930615],[110.083887,73.994385],[110.261426,74.017432],[110.920117,73.9479],[111.05625,73.939355],[111.130859,74.052832],[111.341406,74.047363],[111.550586,74.028516],[111.459961,74.004834],[111.228125,73.968555],[111.299512,73.884863],[111.400391,73.827734],[111.803711,73.745264],[112.147266,73.708936],[112.4,73.711133],[112.79541,73.746094],[112.855957,73.771143],[112.939648,73.835645],[112.835938,73.962061],[112.934961,73.945703],[113.032813,73.913867],[113.181543,73.837402],[113.326855,73.707422],[113.416211,73.647607],[113.364453,73.582764],[113.156934,73.45957],[113.276953,73.391504],[113.490918,73.346094],[113.487598,73.145117],[113.474609,73.047852],[113.369336,72.941895],[113.247363,72.897217],[113.127832,72.830664],[113.158203,72.769482],[113.186133,72.730176],[113.312207,72.657373],[113.664551,72.634521],[113.711914,72.65415],[113.630078,72.6771],[113.391406,72.711035],[113.298145,72.738867],[113.215527,72.805859],[113.311523,72.87832],[113.41748,72.932178],[113.542773,73.054346],[113.581445,73.142236],[113.558887,73.232617],[113.63916,73.273584],[113.765234,73.317969],[113.829297,73.326562],[113.88623,73.345801],[113.795117,73.367432],[113.711328,73.378564],[113.539453,73.433643],[113.510352,73.50498],[113.856934,73.533398],[114.060547,73.584668],[114.816016,73.607178],[115.337695,73.702588],[116.495508,73.676074],[117.308594,73.59917],[118.450195,73.589795],[118.870898,73.537891],[118.91123,73.518359],[118.936426,73.481201],[118.754492,73.464502],[118.457031,73.464404],[118.376563,73.367236],[118.430273,73.246533],[118.960352,73.117285],[119.425293,73.063965],[119.750391,72.979102],[119.92168,72.971338],[120.597949,72.981104],[120.997168,72.936719],[121.354297,72.97085],[121.747852,72.969678],[121.886035,72.960889],[122.029785,72.897217],[122.260156,72.880566],[122.5375,72.877783],[122.69209,72.89082],[122.751953,72.906494],[122.730859,72.931299],[122.501953,72.970654],[122.526758,73.016699],[122.615234,73.02793],[122.999316,72.964648],[123.160352,72.954883],[123.301172,73.001807],[123.40459,73.085645],[123.461621,73.144189],[123.521875,73.1729],[123.572461,73.177344],[123.622266,73.193262],[123.500977,73.261621],[123.383887,73.347314],[123.355273,73.40249],[123.322656,73.430811],[123.305078,73.53291],[123.416211,73.636865],[123.491113,73.666357],[123.796875,73.626758],[123.933887,73.689307],[124.019043,73.712305],[124.388086,73.754834],[124.541211,73.75127],[124.796289,73.711768],[125.61709,73.520605],[125.598535,73.447412],[125.794434,73.468457],[125.887891,73.498096],[126.107422,73.51748],[126.254492,73.548193],[126.295996,73.53667],[126.344922,73.506299],[126.308887,73.463672],[126.257422,73.419775],[126.29248,73.394189],[126.335449,73.38877],[126.552539,73.334912],[126.838477,73.43418],[126.955176,73.528223],[127.031348,73.547461],[127.740332,73.481543],[127.955078,73.445557],[127.996875,73.425635],[128.025684,73.390771],[128.141699,73.352393],[128.281445,73.330566],[128.26416,73.300732],[128.257812,73.26748],[128.587012,73.262402],[128.730469,73.233398],[128.888672,73.190234],[128.87168,73.139355],[128.913379,73.110596],[129.05918,73.10752],[129.100586,73.112354],[129.053711,73.04541],[128.853516,72.972607],[128.735254,72.943262],[128.599023,72.895166],[128.674023,72.885889],[129.017285,72.872461],[129.229102,72.775732],[129.250391,72.705176],[129.117578,72.676953],[128.815332,72.585889],[128.633398,72.550146],[128.508496,72.547314],[128.418262,72.535156],[128.549414,72.49585],[129.116602,72.485742],[129.281348,72.437695],[129.411719,72.315479],[129.410645,72.166309],[129.283496,72.092041],[128.934961,72.079492],[128.475195,72.245557],[128.196973,72.309619],[127.803418,72.434033],[127.726074,72.413184],[127.841406,72.308252],[128.026563,72.25],[128.358789,72.08833],[128.911426,71.755322],[129.040137,71.782422],[129.116602,71.824609],[129.154199,71.878662],[129.121582,71.953223],[129.210254,71.916943],[129.291797,71.850195],[129.46084,71.739307],[129.23418,71.744824],[128.949023,71.707568],[128.843262,71.663477],[128.922656,71.601758],[129.134277,71.592871],[129.224512,71.508838],[129.389844,71.404883],[129.761914,71.119531],[130.025977,71.065381],[130.28125,70.947314],[130.537109,70.892529],[130.668457,70.88833],[130.757129,70.962354],[130.831934,70.935889],[130.898047,70.803564],[131.021582,70.746094],[131.157422,70.742188],[131.268262,70.765527],[131.432324,70.828271],[131.562012,70.901025],[131.769043,71.101416],[131.906445,71.202637],[132.035352,71.244043],[131.99082,71.293213],[132.003711,71.350195],[132.098828,71.483984],[132.227637,71.642773],[132.325781,71.726221],[132.562305,71.895313],[132.653906,71.925977],[132.71582,71.871484],[132.768555,71.79873],[132.803613,71.767578],[132.839258,71.755176],[133.130859,71.606689],[133.426172,71.490967],[133.688867,71.434229],[134.102832,71.378955],[134.702734,71.386816],[134.813867,71.460596],[135.022363,71.515039],[135.359375,71.543506],[135.55918,71.610352],[135.884766,71.630566],[136.090332,71.61958],[136.406152,71.570752],[137.11582,71.415674],[137.31543,71.359424],[137.41748,71.299023],[137.650586,71.208154],[137.797852,71.163916],[137.939648,71.133398],[137.991699,71.142725],[137.97373,71.168652],[137.901953,71.194043],[137.844043,71.226807],[138.012695,71.26084],[138.03252,71.28584],[138.090625,71.307422],[138.314063,71.325537],[138.097168,71.358594],[138.022168,71.363428],[137.918359,71.384082],[137.927344,71.429785],[137.995703,71.463525],[138.04834,71.525977],[138.118457,71.566162],[138.23418,71.596338],[138.318066,71.602832],[138.525195,71.562744],[138.67002,71.634814],[138.780176,71.629004],[139.004883,71.556055],[139.209375,71.444775],[139.320215,71.444727],[139.632129,71.489258],[139.98418,71.491504],[139.93877,71.557666],[139.695117,71.700439],[139.722949,71.884961],[139.552344,71.926709],[139.359277,71.951367],[139.640234,71.99834],[139.84707,72.148584],[140.014063,72.162109],[140.187695,72.191309],[140.134375,72.209619],[139.616992,72.225684],[139.505273,72.207666],[139.430469,72.163477],[139.176367,72.163477],[139.14502,72.264404],[139.14082,72.329736],[139.473633,72.466504],[139.601172,72.496094],[140.450586,72.493115],[140.705078,72.518945],[141.079297,72.586914],[140.983203,72.630029],[140.972852,72.716992],[140.652344,72.842822],[140.675977,72.871631],[140.708105,72.890039],[140.808203,72.890967],[141.309766,72.857715],[141.518359,72.788672],[142.061426,72.720801],[143.51582,72.698242],[143.680957,72.673193],[144.303906,72.643018],[144.568652,72.609912],[145.199316,72.570215],[145.485742,72.54209],[145.71416,72.497363],[146.083301,72.471387],[146.25293,72.442236],[146.234766,72.349707],[145.46709,72.362061],[145.212891,72.392676],[144.897461,72.39624],[144.776367,72.382275],[144.587598,72.305518],[144.360938,72.265332],[144.169238,72.258789],[144.294922,72.192627],[144.470703,72.174756],[145.03916,72.259863],[146.594141,72.302441],[146.831836,72.29541],[146.807031,72.236572],[146.599219,72.123535],[146.40166,72.035498],[146.113281,71.944971],[146.005859,71.945459],[146.230273,72.1375],[146.137305,72.146484],[146.051465,72.142285],[145.799414,72.221875],[145.758594,72.225879],[145.709668,72.206348],[145.710156,72.177588],[145.664062,72.066992],[145.756738,72.020654],[145.756738,71.941309],[145.407227,71.890137],[145.271191,71.894629],[145.125781,71.927148],[145.063965,71.926074],[145.046875,71.901025],[145.077734,71.854639],[145.07373,71.830859],[145.017871,71.793701],[144.989648,71.753369],[145.075586,71.707373],[145.188574,71.695801],[145.804785,71.746484],[146.073242,71.80835],[146.367969,71.92207],[146.894727,72.19751],[147.127051,72.292041],[147.261816,72.327881],[147.433984,72.340918],[148.402051,72.311963],[148.964844,72.252344],[149.501563,72.164307],[149.766211,72.09126],[149.963086,71.992188],[149.998145,71.950488],[150.016895,71.895654],[149.881055,71.843018],[149.279688,71.825537],[149.04873,71.795752],[148.965332,71.762793],[148.954883,71.744141],[148.92334,71.714648],[148.968164,71.690479],[149.237891,71.687939],[149.498047,71.664014],[149.857129,71.601465],[149.912695,71.580713],[150.026465,71.521338],[150.06084,71.51084],[150.599805,71.520117],[150.634863,71.498877],[150.667773,71.455225],[150.525098,71.38584],[150.384766,71.338818],[150.097656,71.226562],[150.242969,71.267188],[150.82168,71.362891],[150.967773,71.380469],[151.145313,71.37373],[151.582422,71.286963],[151.759766,71.217822],[152.092773,71.023291],[151.999805,71.00249],[151.762012,70.982471],[152.508789,70.834473],[152.79834,70.835645],[153.460645,70.878613],[153.794141,70.87998],[154.413965,70.974463],[155.029492,71.034229],[155.595898,71.038623],[155.895215,71.095508],[156.68457,71.09375],[157.447363,71.074512],[158.037012,71.039258],[158.702148,70.93501],[159.350684,70.790723],[159.72793,70.649658],[159.804688,70.604932],[159.911816,70.506104],[159.958594,70.423633],[160.006445,70.309668],[159.983398,70.221387],[159.889648,70.158789],[159.831445,70.081445],[159.83916,69.98999],[159.729395,69.870215],[159.83252,69.784961],[160.119141,69.729785],[160.739453,69.655176],[160.910742,69.606348],[160.928906,69.458545],[160.982031,69.334473],[161.035547,69.098193],[161.14082,69.038867],[161.309863,68.982275],[161.340625,68.905176],[161.129004,68.653857],[160.99668,68.60752],[160.856055,68.53833],[161.104492,68.5625],[161.230176,68.653906],[161.365137,68.822998],[161.495313,68.849854],[161.565625,68.905176],[161.565625,69.063965],[161.480078,69.201709],[161.480078,69.300098],[161.536914,69.379541],[161.945117,69.545117],[162.166016,69.611572],[162.375684,69.649072],[162.944629,69.682764],[163.201367,69.714746],[163.498047,69.693262],[163.705273,69.701807],[163.945996,69.735156],[164.15957,69.719287],[164.513281,69.609131],[165.760742,69.584424],[165.980469,69.545996],[166.820312,69.499561],[166.884375,69.499902],[167.073145,69.554443],[167.628125,69.740332],[167.856836,69.728223],[167.950098,69.69917],[168.047656,69.625635],[168.15,69.577393],[168.22998,69.447021],[168.303027,69.271484],[168.423047,69.239502],[168.587598,69.228369],[168.946191,69.16333],[169.310645,69.079541],[169.414648,68.919629],[169.609863,68.786035],[170.065625,68.798682],[170.537598,68.825391],[170.99541,69.045312],[170.99668,69.134717],[170.883789,69.263623],[170.71416,69.388232],[170.582227,69.58335],[170.160938,69.626563],[170.201172,69.683203],[170.35957,69.750977],[170.503125,69.856543],[170.525391,69.937891],[170.486816,70.107568],[170.867969,70.096045],[171.24668,70.076123],[171.970508,70.000342],[172.55957,69.968359],[172.869238,69.919775],[173.056348,69.864941],[173.277441,69.823828],[173.35332,69.924023],[173.438672,69.946826],[173.733398,69.891113],[173.948047,69.874121],[174.319434,69.881641],[174.785547,69.855664],[175.295605,69.860059],[175.751172,69.90415],[175.921484,69.895313],[176.10752,69.860303],[176.410449,69.768506],[176.924414,69.645996],[177.394531,69.611621],[177.933691,69.495605],[178.442773,69.452979],[178.84834,69.387207],[178.906934,69.362109],[178.925,69.325977],[178.950684,69.295801],[179.272656,69.259668],[179.868262,69.012695],[180,68.983447],[180,65.067236],[179.827344,65.03418],[179.651367,64.920947],[179.448242,64.822021],[179.15,64.781592],[178.698438,64.631104],[178.519531,64.602979],[178.285352,64.672266],[177.748633,64.717041],[177.581641,64.777881],[177.337012,64.931348],[177.251855,64.953613],[177.179199,65.014111],[176.880859,65.081934],[176.624805,65.037598],[176.413086,65.07124],[176.341016,65.047314],[176.452148,65.025244],[176.645508,65.007178],[176.940039,65.016016],[177.037305,64.999658],[177.123438,64.947021],[177.222852,64.86167],[177.148242,64.804834],[177.06875,64.78667],[176.831055,64.849219],[176.556641,64.83999],[176.429492,64.855176],[176.061133,64.960889],[175.781152,64.844043],[175.396484,64.783691],[175.097754,64.776855],[174.548828,64.683887],[174.698633,64.681445],[175.09707,64.746631],[175.330664,64.746631],[175.67793,64.782471],[175.858594,64.825293],[175.945898,64.865186],[176.056543,64.904736],[176.169238,64.884766],[176.246973,64.843018],[176.300879,64.783838],[176.350977,64.705127],[176.283203,64.663818],[176.219434,64.641943],[176.140918,64.58584],[176.507617,64.682422],[176.730957,64.624854],[176.842871,64.633789],[177.049805,64.719238],[177.3875,64.774023],[177.427441,64.763379],[177.467188,64.736816],[177.409863,64.572803],[177.43291,64.444482],[177.6875,64.304736],[177.95332,64.222266],[178.044727,64.21958],[178.130566,64.235254],[178.163965,64.309082],[178.229492,64.364404],[178.312988,64.314404],[178.381445,64.260889],[178.477148,64.127881],[178.474805,64.089014],[178.451367,64.011377],[178.536035,63.975635],[178.650293,63.965283],[178.69248,63.842334],[178.731445,63.66709],[178.681348,63.650732],[178.625977,63.650732],[178.44043,63.605566],[178.466113,63.574072],[178.653711,63.556641],[178.706445,63.521533],[178.668848,63.439941],[178.678711,63.402295],[178.744043,63.394775],[178.786719,63.442432],[178.775391,63.510254],[178.792969,63.540332],[178.918555,63.400244],[178.921484,63.34502],[179.028125,63.282422],[179.332324,63.190186],[179.388574,63.147217],[179.405078,63.077734],[179.329004,63.05791],[179.25957,63.008301],[179.302148,62.939844],[179.381055,62.883691],[179.510938,62.862793],[179.570508,62.773486],[179.570508,62.6875],[179.477246,62.613086],[179.288672,62.510352],[179.176953,62.469189],[179.133887,62.396436],[179.120703,62.320361],[179.044629,62.323682],[178.963867,62.355273],[178.019238,62.546973],[177.663086,62.582813],[177.35127,62.587451],[177.292578,62.599023],[177.295898,62.644482],[177.31582,62.685254],[177.359668,62.736963],[177.338965,62.781348],[177.29834,62.784229],[177.258691,62.750439],[177.172656,62.750342],[177.091211,62.789551],[177.023535,62.777246],[176.990039,62.722217],[176.963477,62.693262],[176.964746,62.658643],[177.008008,62.626562],[177.189648,62.591602],[177.159473,62.560986],[176.907422,62.536084],[176.702539,62.505762],[176.436523,62.41084],[176.328418,62.346045],[175.613867,62.184375],[175.441992,62.12793],[175.36582,62.121338],[175.267871,62.102393],[175.192383,62.034424],[174.797559,61.938867],[174.715039,61.9479],[174.610547,61.867627],[174.514355,61.823633],[174.284961,61.817529],[174.138867,61.795166],[173.822363,61.679395],[173.623438,61.716064],[173.390723,61.556738],[173.131836,61.406641],[173.05459,61.406201],[172.856543,61.469189],[172.806836,61.436133],[172.837891,61.375586],[172.908008,61.311621],[172.867773,61.293066],[172.789062,61.310693],[172.730664,61.314404],[172.690039,61.295166],[172.696973,61.249316],[172.584766,61.19043],[172.49707,61.185889],[172.396094,61.167383],[172.362402,61.116602],[172.392773,61.061768],[172.213281,60.997852],[172.067285,60.915674],[171.997656,60.900684],[171.917969,60.864111],[171.830566,60.837354],[171.729492,60.843115],[171.489746,60.725732],[170.949316,60.522949],[170.799316,60.496484],[170.608203,60.434912],[170.589746,60.393701],[170.588574,60.342871],[170.512305,60.259521],[170.423438,60.047803],[170.396484,60.009766],[170.350977,59.965527],[170.154102,59.986084],[169.982617,60.06709],[169.927246,60.104248],[169.897559,60.147852],[169.887012,60.21792],[169.854297,60.250244],[169.814746,60.265381],[169.618359,60.438037],[169.275684,60.556641],[169.226758,60.595947],[168.788281,60.563818],[168.670313,60.562891],[168.462793,60.592236],[168.1375,60.573926],[167.745996,60.509326],[167.626074,60.468945],[167.226758,60.406299],[166.964063,60.307031],[166.452539,59.947021],[166.331836,59.872412],[166.273047,59.85625],[166.186523,59.849463],[166.148926,59.92207],[166.136035,59.979346],[166.168359,60.088818],[166.229785,60.17832],[166.29248,60.346094],[166.308105,60.414258],[166.352148,60.484814],[166.180176,60.480371],[165.941992,60.356885],[165.583008,60.236475],[165.41582,60.205176],[165.285254,60.134912],[165.192578,60.124756],[165.08457,60.098584],[165.073633,59.945605],[165.018945,59.860742],[164.953711,59.843604],[164.854297,59.840967],[164.779395,59.874219],[164.669727,59.997461],[164.525293,60.061279],[164.440039,60.072705],[164.376855,60.058057],[164.251563,59.973779],[164.113281,59.897559],[164.135059,59.984375],[164.017578,60.017334],[163.912891,60.037061],[163.780078,60.041113],[163.743848,60.028027],[163.690039,59.978418],[163.574316,59.914062],[163.49375,59.886768],[163.409961,59.834961],[163.364844,59.781445],[163.321191,59.70542],[163.269043,59.52002],[163.272852,59.302588],[163.084863,59.131396],[163.010156,59.148291],[162.974902,59.137061],[162.940039,59.114307],[163.004297,59.020166],[162.969824,58.986475],[162.93457,58.963965],[162.847266,58.939258],[162.643359,58.799902],[162.453027,58.708594],[162.141602,58.447412],[162.049219,58.272852],[161.960059,58.076904],[162.001953,57.980957],[162.039648,57.918262],[162.097949,57.874658],[162.197461,57.82915],[162.411426,57.778369],[162.392188,57.74502],[162.391406,57.717236],[162.466992,57.766211],[162.521973,57.904102],[162.654297,57.948242],[162.718359,57.946094],[163.14502,57.837305],[163.225781,57.790381],[163.213867,57.686816],[163.187891,57.637402],[163.108789,57.564844],[162.957031,57.47749],[162.779297,57.357617],[162.762305,57.284082],[162.761523,57.243945],[162.808105,57.102783],[162.814844,57.023389],[162.791113,56.875391],[162.802637,56.811475],[162.849902,56.756836],[162.92207,56.722656],[163.046387,56.741309],[163.16543,56.725488],[163.256543,56.688037],[163.243262,56.564551],[163.294043,56.447705],[163.335547,56.23252],[163.261328,56.17373],[163.189258,56.137012],[163.047363,56.044678],[162.97168,56.033789],[162.840332,56.065625],[162.628125,56.232275],[162.713184,56.330859],[162.893262,56.399463],[162.975195,56.449023],[163.038379,56.521875],[162.944141,56.508057],[162.877637,56.476367],[162.671484,56.490088],[162.589063,56.454932],[162.488672,56.399121],[162.528223,56.260693],[162.461133,56.235498],[162.334082,56.187744],[162.146094,56.128271],[162.084961,56.089648],[161.924023,55.840381],[161.775586,55.654834],[161.723926,55.496143],[161.729395,55.358008],[161.784961,55.205322],[161.824219,55.138916],[161.996094,54.997998],[162.080273,54.886133],[162.105566,54.752148],[161.966895,54.688672],[161.725684,54.532959],[161.624805,54.51626],[161.294043,54.520557],[161.129883,54.598242],[160.935547,54.578369],[160.772656,54.541357],[160.517188,54.430859],[160.288867,54.288232],[160.074414,54.18916],[160.010156,54.130859],[159.921777,54.008398],[159.84375,53.783643],[159.870898,53.672656],[159.914258,53.62085],[159.955859,53.552197],[159.899121,53.447705],[159.897656,53.380762],[160.002148,53.274902],[160.025098,53.12959],[159.947461,53.125098],[159.771582,53.229687],[159.585938,53.237695],[159.136133,53.117139],[158.952051,53.047559],[158.74541,52.908936],[158.683691,52.9354],[158.639551,53.014795],[158.564648,53.05],[158.47207,53.032373],[158.432324,52.957422],[158.560156,52.922168],[158.608789,52.873633],[158.533691,52.688428],[158.480762,52.62666],[158.500391,52.460303],[158.493164,52.383154],[158.463477,52.30498],[158.331641,52.090869],[158.103516,51.809619],[157.823242,51.605322],[157.628906,51.53457],[157.530957,51.479883],[157.489844,51.408936],[157.202246,51.212744],[156.847461,51.006592],[156.747754,50.969287],[156.724316,51.04707],[156.713477,51.124121],[156.670801,51.226855],[156.543457,51.311621],[156.521191,51.380273],[156.500391,51.475098],[156.489844,51.913037],[156.377344,52.366553],[156.364746,52.509375],[156.228613,52.62627],[156.154395,52.747266],[156.110352,52.866162],[156.098828,53.006494],[155.950195,53.744287],[155.904883,53.928125],[155.706445,54.521484],[155.620313,54.864551],[155.563867,55.199121],[155.554883,55.348486],[155.643457,55.793555],[155.716602,56.072217],[155.98252,56.695215],[156.025391,56.752002],[156.06748,56.781592],[156.529297,57.021191],[156.728418,57.152246],[156.848828,57.290186],[156.976758,57.466309],[156.963574,57.560938],[156.948242,57.615771],[156.899902,57.676904],[156.791602,57.747949],[156.829883,57.779639],[156.871973,57.803662],[156.985742,57.830176],[157.216797,57.776807],[157.450391,57.799268],[157.666406,58.019775],[157.974609,57.985937],[158.210449,58.025293],[158.275195,58.008984],[158.321094,58.083447],[158.449414,58.162842],[158.687012,58.281348],[159.036914,58.423926],[159.210645,58.519434],[159.308398,58.610547],[159.452637,58.695947],[159.591504,58.803662],[159.847363,59.127148],[160.350391,59.394043],[160.547461,59.547363],[160.711426,59.60166],[160.855273,59.626855],[161.218945,59.845605],[161.449316,60.027344],[161.753516,60.152295],[161.845996,60.232227],[162.003613,60.420166],[162.068164,60.466406],[162.266309,60.536719],[162.713184,60.659473],[162.973145,60.78291],[163.352344,60.800439],[163.466406,60.849756],[163.585156,60.877148],[163.709961,60.916797],[163.553516,61.025635],[163.589258,61.084375],[163.619629,61.111328],[163.893359,61.240479],[164.005469,61.343799],[163.99209,61.388232],[163.972754,61.419873],[163.804395,61.461377],[163.837109,61.558252],[163.882715,61.640137],[164.019531,61.710693],[164.067969,61.873877],[164.074219,62.04502],[164.207227,62.292236],[164.2875,62.346631],[164.59834,62.470557],[164.670703,62.473779],[164.887695,62.431885],[165.124121,62.411523],[165.208105,62.373975],[165.225684,62.405762],[165.213867,62.448193],[165.280371,62.462988],[165.417383,62.44707],[165.396582,62.493896],[165.044043,62.516992],[164.792383,62.571094],[164.566992,62.675488],[164.418359,62.704639],[164.255664,62.696582],[163.331738,62.550928],[163.287109,62.511426],[163.244238,62.455371],[163.302148,62.372998],[163.258008,62.336914],[163.213281,62.313428],[163.163477,62.25957],[163.118457,62.15293],[163.131055,62.049902],[163.017676,61.891064],[163.009277,61.791504],[163.207617,61.736572],[163.257812,61.699463],[163.197852,61.644775],[163.138867,61.611426],[163.085254,61.570557],[163.047266,61.554053],[162.993945,61.544189],[162.92168,61.597705],[162.855957,61.705029],[162.752344,61.711279],[162.717871,61.695117],[162.699023,61.652588],[162.607617,61.650049],[162.506445,61.670117],[162.392578,61.662109],[162.188379,61.540674],[161.037109,60.962891],[160.915039,60.892676],[160.766602,60.75332],[160.482031,60.739844],[160.368164,60.708545],[160.287305,60.667041],[160.173633,60.638428],[160.177344,60.690723],[160.201074,60.729639],[160.225781,60.831543],[160.378906,61.025488],[160.28125,61.044775],[160.184277,61.047656],[160.004004,61.007422],[159.883105,60.943408],[159.79043,60.956641],[159.83457,61.013965],[159.949219,61.128613],[159.913965,61.234473],[159.883105,61.291797],[159.930859,61.323926],[160.162695,61.5375],[160.246875,61.647607],[160.317383,61.793359],[160.321484,61.838574],[160.309375,61.894385],[160.237793,61.903857],[160.18252,61.902832],[159.722168,61.758398],[159.552344,61.719482],[159.496289,61.781445],[159.423047,61.808057],[159.29502,61.91416],[159.189258,61.929395],[159.07666,61.922266],[158.824316,61.850244],[158.547168,61.810889],[158.333691,61.825684],[158.151563,61.764844],[158.070117,61.753613],[157.799316,61.795264],[157.469336,61.798926],[157.370703,61.74707],[157.08418,61.675684],[156.891797,61.565186],[156.790625,61.529639],[156.680273,61.480615],[156.629688,61.272461],[156.482617,61.206006],[156.344141,61.155078],[156.055957,60.995605],[155.85332,60.777148],[155.716113,60.682373],[155.427832,60.549854],[154.970801,60.37666],[154.578223,60.09502],[154.440723,59.883789],[154.389844,59.876758],[154.293066,59.83335],[154.266602,59.730371],[154.268848,59.658398],[154.20918,59.600342],[154.149805,59.528516],[154.212891,59.483398],[154.272168,59.475146],[154.357617,59.481445],[154.58252,59.540088],[154.971289,59.449609],[155.166699,59.360156],[155.153027,59.270215],[155.160449,59.190137],[155.016699,59.195605],[154.82373,59.187549],[154.703516,59.141309],[154.458008,59.216553],[154.375977,59.187842],[154.24668,59.108594],[154.010938,59.075537],[153.891699,59.11416],[153.695215,59.224756],[153.361133,59.214795],[153.272949,59.091309],[153.196094,59.094434],[153.077734,59.081885],[152.882227,58.939062],[152.817871,58.92627],[152.575586,58.954102],[152.400684,59.026416],[152.319629,59.030762],[152.165234,58.997021],[152.087891,58.910449],[151.70459,58.866699],[151.326758,58.875098],[151.121094,59.08252],[151.50498,59.164014],[151.733496,59.14668],[151.990039,59.160059],[152.260645,59.223584],[152.169531,59.27793],[152.104492,59.290576],[151.942383,59.284082],[151.798047,59.323242],[151.485742,59.524121],[151.348242,59.561133],[151.170313,59.583252],[151.033594,59.585645],[150.98252,59.571338],[150.911914,59.523047],[150.863281,59.475439],[150.823438,59.460742],[150.729492,59.469141],[150.615234,59.506543],[150.483594,59.494385],[150.539844,59.524951],[150.667285,59.556348],[150.457227,59.590723],[150.325586,59.638867],[150.202539,59.65127],[149.642578,59.77041],[149.424512,59.760986],[149.29043,59.728467],[149.065234,59.630518],[149.127734,59.558789],[149.175391,59.526758],[149.20498,59.488184],[149.133008,59.480518],[148.925,59.475],[148.79707,59.532324],[148.708887,59.448535],[148.744141,59.373535],[148.889648,59.4],[148.964648,59.369141],[148.914062,59.282715],[148.72666,59.25791],[148.491211,59.262305],[148.257422,59.414209],[147.874609,59.388037],[147.687891,59.290674],[147.514453,59.268555],[147.040039,59.365723],[146.803711,59.372949],[146.537207,59.456982],[146.444336,59.430469],[146.273438,59.221484],[146.049512,59.170557],[145.931641,59.198389],[145.829102,59.330322],[145.756445,59.37373],[145.55459,59.413525],[144.483398,59.37627],[144.123438,59.408301],[143.86875,59.411377],[143.523828,59.343652],[143.192188,59.370117],[142.580273,59.240137],[142.330371,59.152637],[142.025391,58.999658],[141.754688,58.745264],[141.60293,58.649023],[141.34707,58.528076],[140.987695,58.416846],[140.790234,58.303467],[140.684961,58.212158],[140.495117,57.86543],[140.446875,57.813672],[140.002344,57.6875],[139.861523,57.549316],[139.80332,57.51416],[139.619238,57.455713],[139.506641,57.358301],[139.443848,57.329687],[139.181641,57.261523],[138.965723,57.088135],[138.662109,56.965527],[138.217773,56.629004],[138.180078,56.588525],[138.140625,56.498682],[138.073828,56.433105],[137.691504,56.139355],[137.572949,56.112109],[137.384082,55.974756],[137.189844,55.892285],[137.012109,55.795264],[136.793555,55.694189],[136.460254,55.576709],[136.351172,55.51001],[136.175195,55.352246],[135.750781,55.160645],[135.540625,55.11377],[135.2625,54.943311],[135.234766,54.903223],[135.211523,54.84082],[135.257715,54.731494],[135.325391,54.707422],[135.437793,54.69248],[135.851562,54.583936],[136.237988,54.614062],[136.580273,54.613623],[136.714551,54.624316],[136.797266,54.620996],[136.82373,54.561475],[136.82041,54.452344],[136.77041,54.35332],[136.729395,54.060645],[136.683008,53.931299],[136.718848,53.804102],[136.802637,53.781982],[136.886426,53.839355],[137.01875,53.848145],[137.155371,53.82168],[137.258008,54.025244],[137.172461,54.056885],[137.096191,54.128564],[137.141602,54.182227],[137.377734,54.282324],[137.525098,54.291211],[137.666016,54.283301],[137.513184,54.156396],[137.45127,54.130469],[137.403418,54.123535],[137.339258,54.100537],[137.476465,54.027588],[137.622754,53.970459],[137.834766,53.946729],[137.786133,53.90332],[137.644824,53.86582],[137.516992,53.70708],[137.313672,53.631592],[137.221484,53.579199],[137.253711,53.546143],[137.32832,53.538965],[137.738184,53.560303],[137.950488,53.603564],[138.25293,53.726416],[138.378906,53.909277],[138.493555,53.959668],[138.52793,53.959863],[138.568164,53.947168],[138.569141,53.818799],[138.407031,53.67417],[138.292188,53.592432],[138.249707,53.524023],[138.320312,53.5229],[138.450684,53.537012],[138.510938,53.57002],[138.660742,53.744775],[138.699414,53.869727],[138.72168,54.04375],[138.704688,54.147656],[138.715918,54.222656],[138.657227,54.29834],[138.695703,54.32002],[139.105078,54.217822],[139.319727,54.192969],[139.707422,54.277148],[139.795508,54.256445],[139.858398,54.205322],[140.178711,54.051562],[140.241699,54.001025],[140.34707,53.812598],[140.687598,53.596436],[141.005664,53.49458],[141.015039,53.454248],[141.217676,53.334473],[141.37373,53.292773],[141.402051,53.183984],[141.32793,53.097266],[141.18125,53.015283],[140.887305,53.091504],[140.839648,53.087891],[140.874512,53.039844],[141.086816,52.897559],[141.255859,52.840137],[141.265918,52.652588],[141.24502,52.550146],[141.132422,52.435693],[141.169824,52.368408],[141.329688,52.271143],[141.409082,52.234326],[141.485254,52.178516],[141.385547,52.057227],[141.366895,51.920654],[141.258398,51.860693],[141.129395,51.727783],[140.932617,51.619922],[140.838574,51.41416],[140.687695,51.232275],[140.670703,51.051318],[140.645605,50.986768],[140.520898,50.800195],[140.476367,50.545996],[140.535449,50.130762],[140.564063,50.106689],[140.624512,50.082422],[140.613281,50.053711],[140.58457,50.03335],[140.462695,49.911475],[140.464551,49.825586],[140.511328,49.76167],[140.517188,49.596143],[140.431055,49.331494],[140.399121,49.289795],[140.364355,49.22085],[140.348633,49.15918],[140.325586,49.12002],[140.308984,49.053906],[140.333691,48.994824],[140.37832,48.964111],[140.224219,48.772852],[140.170605,48.523682],[140.113281,48.422656],[139.998438,48.323779],[139.760742,48.180566],[139.67627,48.089893],[139.520508,47.975293],[139.372656,47.887354],[139.166992,47.634863],[139.001367,47.383301],[138.586816,47.057227],[138.529688,46.976221],[138.500488,46.889844],[138.391797,46.745068],[138.336914,46.543408],[138.210156,46.462939],[138.106348,46.250732],[137.769141,45.928516],[137.685449,45.818359],[137.425195,45.63999],[137.146973,45.393506],[136.803516,45.171143],[136.737207,45.080029],[136.604102,44.978174],[136.460449,44.822119],[136.251172,44.666797],[136.208691,44.562012],[136.142285,44.489111],[135.987012,44.439844],[135.874609,44.373535],[135.533203,43.971484],[135.489063,43.898828],[135.483398,43.83501],[135.260156,43.684619],[135.131055,43.525732],[134.916992,43.426562],[134.691797,43.290576],[134.156445,43.042139],[134.010449,42.947461],[133.709375,42.829932],[133.586719,42.828223],[133.329492,42.763867],[133.159961,42.696973],[133.059375,42.722803],[132.996582,42.808008],[132.923926,42.805273],[132.863574,42.79375],[132.708984,42.87583],[132.576465,42.871582],[132.481348,42.909766],[132.303809,42.883301],[132.334375,43.238672],[132.30957,43.313525],[132.233203,43.245068],[132.028711,43.118945],[131.947266,43.09541],[131.866602,43.095166],[131.89834,43.170752],[132.013086,43.280029],[131.97627,43.296045],[131.938965,43.301953],[131.794727,43.255273],[131.72207,43.202637],[131.516406,42.996436],[131.393262,42.822314],[131.29248,42.772119],[131.245313,42.697412],[131.158301,42.626025],[131.024805,42.645166],[130.945703,42.633936],[130.756152,42.673291],[130.709375,42.656396],[130.83418,42.522949],[130.729883,42.325781],[130.687305,42.302539]]],[[[47.441992,80.853662],[47.899512,80.812695],[48.243262,80.823486],[48.345215,80.818994],[48.445703,80.806006],[48.547363,80.779053],[48.686523,80.717773],[48.683594,80.633252],[48.625488,80.629297],[48.044336,80.668164],[47.777344,80.75625],[47.705273,80.765186],[47.600098,80.741943],[47.512305,80.687939],[47.41416,80.674512],[47.303906,80.606201],[47.198242,80.614941],[47.144922,80.609033],[47.011035,80.562109],[46.677539,80.561328],[46.623926,80.540674],[46.513672,80.475537],[46.378125,80.456787],[46.141406,80.446729],[46.059863,80.483789],[46.023633,80.540869],[45.969043,80.569482],[45.64082,80.536963],[45.389258,80.560303],[45.149219,80.59873],[44.90498,80.611279],[45.124512,80.652246],[46.327441,80.735156],[46.799121,80.755225],[47.020605,80.814404],[47.352344,80.85293],[47.441992,80.853662]]],[[[50.278125,80.927246],[50.431445,80.910889],[50.801074,80.91416],[50.917676,80.89043],[51.454785,80.744678],[51.591016,80.740771],[51.703613,80.687646],[51.146191,80.603955],[50.96084,80.540479],[50.279688,80.527344],[49.845996,80.497656],[49.749805,80.47207],[49.794141,80.425342],[49.585938,80.376563],[48.896094,80.369189],[48.811035,80.353711],[48.677051,80.300049],[48.688965,80.290283],[48.921973,80.276807],[48.95957,80.265674],[48.99082,80.242383],[49.010742,80.207422],[48.977539,80.162598],[48.891895,80.155322],[48.797363,80.161133],[48.581738,80.195361],[48.55459,80.183301],[48.532617,80.158252],[48.466797,80.110107],[48.38623,80.095801],[48.167188,80.132764],[48.095898,80.122314],[48.025781,80.099463],[47.939941,80.088623],[47.737305,80.081689],[47.632422,80.111963],[47.723145,80.151367],[47.977539,80.212549],[47.892969,80.239258],[47.642383,80.245312],[47.444336,80.230127],[47.343066,80.188525],[47.248633,80.180225],[46.991016,80.182764],[46.845898,80.237207],[46.738184,80.257666],[46.644434,80.300342],[47.40293,80.444775],[47.656055,80.500537],[47.895801,80.529053],[48.208203,80.543896],[48.306152,80.561572],[48.402637,80.568799],[48.464746,80.558057],[48.625098,80.508301],[49.087793,80.515771],[49.185254,80.558643],[49.192676,80.656006],[49.147461,80.712109],[49.244336,80.821387],[49.507812,80.865332],[50.124316,80.923877],[50.278125,80.927246]]],[[[67.765332,76.237598],[67.365234,76.161279],[67.126953,76.108154],[66.893164,76.072266],[66.657422,76.047021],[66.282422,75.983691],[65.619141,75.904639],[65.201563,75.839453],[64.744531,75.788232],[64.262598,75.719678],[63.779297,75.672607],[63.659473,75.66875],[63.316699,75.603076],[63.045996,75.575732],[62.066113,75.427734],[61.616211,75.319629],[61.486523,75.31084],[61.355957,75.314844],[61.248828,75.281006],[61.147266,75.222559],[60.935645,75.163672],[60.829199,75.11084],[60.719238,75.068604],[60.655371,75.055029],[60.533789,75.059277],[60.475586,75.054736],[60.276855,75.007568],[60.241113,74.970752],[60.454883,74.946143],[60.501367,74.904639],[60.43916,74.875342],[60.300781,74.837012],[60.222461,74.796582],[60.080078,74.755859],[59.982324,74.744629],[59.747266,74.745898],[59.734668,74.695459],[59.771484,74.664453],[59.752734,74.637012],[59.674023,74.610156],[59.595996,74.613721],[59.240137,74.692969],[59.182031,74.665771],[59.157031,74.61084],[59.146094,74.551904],[59.100977,74.50752],[59.04043,74.485547],[58.928223,74.462695],[58.534668,74.498926],[58.502148,74.464209],[58.562012,74.421826],[58.645703,74.328027],[58.665039,74.289258],[58.617871,74.227393],[58.441406,74.128857],[57.767383,74.013818],[57.778418,73.973926],[57.853418,73.897852],[57.872266,73.850439],[57.844922,73.805078],[57.755957,73.769189],[57.657422,73.768164],[57.603711,73.775488],[57.448535,73.825635],[57.313086,73.838037],[57.290918,73.814551],[57.464258,73.746045],[57.542578,73.658203],[57.459766,73.610303],[57.134375,73.504395],[56.963867,73.366553],[56.63418,73.304297],[56.430371,73.297217],[56.22832,73.314111],[56.03457,73.345898],[55.549219,73.356836],[55.280176,73.392041],[55.006836,73.453857],[54.768652,73.449414],[54.56582,73.418506],[54.299902,73.350977],[54.131543,73.481006],[54.20459,73.542041],[53.838672,73.697119],[53.762891,73.766162],[53.851367,73.800537],[53.963477,73.822314],[54.174023,73.885742],[54.386328,73.935645],[54.605664,73.951318],[54.642676,73.95957],[54.733398,74.033984],[54.83125,74.095752],[54.920313,74.129102],[55.022852,74.186621],[55.340918,74.419629],[55.416406,74.436133],[56.07832,74.481299],[56.137109,74.496094],[55.947461,74.542187],[55.751758,74.541211],[55.661523,74.556104],[55.610352,74.590527],[55.582227,74.627686],[55.659668,74.656299],[55.913672,74.796094],[56.217871,74.89751],[56.49873,74.95708],[56.428516,74.972949],[56.340039,75.013477],[55.998047,75.003369],[55.863184,75.05874],[55.821191,75.090625],[55.810059,75.124902],[55.920703,75.168359],[56.035547,75.194238],[56.162207,75.186572],[56.288672,75.164307],[56.389063,75.138184],[56.485254,75.096094],[56.570312,75.097754],[56.87627,75.244385],[56.829297,75.277734],[56.809473,75.328418],[56.844434,75.351416],[56.989453,75.375098],[57.0875,75.383838],[57.301758,75.373242],[57.606836,75.34126],[57.631543,75.356445],[57.708203,75.454492],[57.783398,75.506689],[58.093652,75.592529],[58.072559,75.618994],[58.058301,75.663086],[58.418359,75.719775],[58.652734,75.776807],[58.88125,75.854785],[58.994727,75.871729],[59.110449,75.87373],[59.346582,75.907031],[59.781934,75.94585],[60.036133,75.983838],[60.118164,76.066553],[60.279297,76.09624],[60.606152,76.108643],[60.730566,76.104053],[60.801172,76.068799],[60.942188,76.071289],[60.997754,76.089258],[61.053906,76.119873],[61.036914,76.169043],[61.034375,76.232959],[61.156934,76.273535],[61.20166,76.282031],[61.569434,76.298486],[61.787109,76.291016],[62.237305,76.241602],[62.471094,76.230469],[62.782031,76.245215],[62.971484,76.23667],[63.526172,76.309521],[64.463477,76.378174],[64.707617,76.426025],[64.95,76.484326],[65.072852,76.496729],[65.197168,76.499658],[65.309766,76.51792],[65.528418,76.567822],[65.636914,76.578662],[65.755176,76.579297],[65.862891,76.61333],[65.958887,76.687939],[66.062988,76.746094],[66.345215,76.821045],[66.828809,76.923828],[67.263672,76.96377],[67.534961,77.007764],[67.651855,77.011572],[68.017285,76.990625],[68.485742,76.933691],[68.699121,76.870654],[68.87334,76.7896],[68.911719,76.760547],[68.941699,76.707666],[68.890527,76.659717],[68.858008,76.610498],[68.899805,76.572949],[68.558594,76.449414],[68.222363,76.313477],[68.16543,76.284863],[67.765332,76.237598]]],[[[55.319824,73.308301],[55.787305,73.268604],[56.137695,73.256152],[56.350488,73.225537],[56.42959,73.201172],[56.397461,73.13916],[56.334668,73.113672],[56.188965,73.033008],[56.166992,72.983203],[56.192871,72.90498],[56.170508,72.848096],[56.12168,72.806592],[56.083789,72.789404],[55.819727,72.789502],[55.723438,72.766406],[55.718457,72.721533],[55.700977,72.671729],[55.616406,72.599072],[55.441309,72.575391],[55.40332,72.549072],[55.416895,72.501318],[55.355957,72.465088],[55.35957,72.408691],[55.39043,72.377832],[55.399121,72.313623],[55.518066,72.220654],[55.494922,72.182324],[55.40332,72.106885],[55.375,72.014893],[55.297852,71.935352],[55.471094,71.869238],[55.54668,71.78335],[55.613672,71.689893],[55.819336,71.507568],[56.043164,71.345605],[56.454395,71.107373],[56.894824,70.927002],[57.065625,70.876025],[57.483594,70.792285],[57.556445,70.76582],[57.625391,70.728809],[57.447168,70.661035],[57.263672,70.636035],[57.246973,70.605127],[57.145898,70.589111],[56.648828,70.646533],[56.62168,70.655371],[56.568652,70.697461],[56.510059,70.728809],[56.385742,70.734131],[56.260059,70.714746],[56.334766,70.676709],[56.417188,70.664941],[56.561328,70.593555],[56.499707,70.566406],[56.43457,70.562988],[56.14248,70.657861],[56.114746,70.646143],[56.087109,70.618359],[55.941602,70.649268],[55.907227,70.626318],[55.796875,70.615576],[55.706738,70.641895],[55.706445,70.675244],[55.687305,70.692188],[55.236914,70.666016],[55.05166,70.666748],[54.86709,70.678125],[54.645117,70.741846],[54.608203,70.713232],[54.601172,70.680078],[54.517383,70.693311],[54.332617,70.744678],[54.199414,70.764893],[53.722363,70.814453],[53.383594,70.873535],[53.467773,70.900586],[53.613574,70.914648],[53.615625,70.95083],[53.592578,71.000684],[53.587793,71.052295],[53.670508,71.086914],[53.857031,71.07041],[53.834277,71.126709],[53.922266,71.137598],[54.093945,71.105225],[54.155664,71.125488],[53.886133,71.196289],[53.59082,71.29668],[53.622168,71.332764],[53.515234,71.342529],[53.409961,71.340137],[53.319043,71.39917],[53.33252,71.477246],[53.411621,71.530127],[53.363867,71.54165],[52.908984,71.49502],[52.678711,71.505664],[52.418848,71.536865],[52.17998,71.490234],[51.937891,71.474707],[51.812598,71.491309],[51.691602,71.525146],[51.59043,71.571143],[51.511328,71.648096],[51.438672,71.776807],[51.428613,71.825537],[51.443555,71.934375],[51.482227,71.979785],[51.58252,72.071191],[51.653125,72.099365],[51.805469,72.142139],[51.885449,72.153223],[52.068652,72.131152],[52.252051,72.129736],[52.332324,72.153955],[52.406738,72.196729],[52.461914,72.252344],[52.586133,72.284033],[52.62207,72.300977],[52.661914,72.336865],[52.705762,72.390967],[52.713867,72.436963],[52.74873,72.482959],[52.863672,72.549854],[52.823242,72.59126],[52.839063,72.619287],[52.916602,72.668896],[52.683105,72.682324],[52.60498,72.704053],[52.528516,72.737354],[52.550586,72.768555],[52.579297,72.791357],[52.812207,72.875244],[52.913184,72.899951],[53.024219,72.913574],[53.134961,72.913232],[53.253516,72.90376],[53.369824,72.916748],[53.247266,72.973145],[53.237109,73.011182],[53.188965,73.104004],[53.197949,73.147559],[53.251172,73.182959],[53.357617,73.224561],[53.512207,73.238379],[53.633691,73.260254],[53.753223,73.293262],[53.865625,73.298975],[54.091016,73.276465],[54.202344,73.281348],[54.327637,73.299463],[54.676074,73.37002],[54.803906,73.387646],[54.940625,73.383252],[55.121387,73.356836],[55.319824,73.308301]]],[[[35.816113,65.18208],[35.848438,65.142676],[35.858398,65.07793],[35.827344,65.036475],[35.842285,65.001465],[35.778711,64.97666],[35.680078,65.057617],[35.621387,65.058789],[35.558594,65.093604],[35.528906,65.151074],[35.585742,65.16709],[35.608691,65.157129],[35.729102,65.197559],[35.816113,65.18208]]],[[[42.713672,66.701709],[42.675586,66.688086],[42.477344,66.735059],[42.460059,66.770361],[42.468555,66.785547],[42.547461,66.795508],[42.631445,66.782227],[42.690723,66.735303],[42.713672,66.701709]]],[[[52.90332,71.36499],[52.994141,71.29126],[53.074023,71.237939],[53.141406,71.241895],[53.192578,71.215283],[53.205176,71.159717],[53.071484,71.065039],[53.048145,71.030957],[53.105762,70.999268],[53.120996,70.982031],[53.022656,70.968701],[53.004492,71.011621],[52.949609,71.053613],[52.835352,71.08584],[52.788965,71.114941],[52.738379,71.180664],[52.546582,71.250439],[52.425488,71.239258],[52.289453,71.270361],[52.249609,71.284912],[52.239844,71.325049],[52.296582,71.356836],[52.512598,71.385059],[52.617383,71.38335],[52.729688,71.355127],[52.720313,71.389795],[52.732227,71.403711],[52.776758,71.399805],[52.90332,71.36499]]],[[[50.051758,80.074316],[49.970898,80.060742],[49.588281,80.136133],[49.556055,80.158936],[49.883691,80.230225],[50.250977,80.219482],[50.309961,80.185645],[50.319141,80.172363],[50.072266,80.109473],[50.051758,80.074316]]],[[[51.409277,79.944238],[51.435156,79.931934],[51.43125,79.920508],[51.07627,79.931982],[50.454102,79.924414],[50.091406,79.980566],[50.472656,80.035449],[50.675781,80.048535],[50.936328,80.094238],[51.254395,80.048633],[51.237891,80.010352],[51.242773,79.99126],[51.326953,79.972314],[51.409277,79.944238]]],[[[50.753711,81.047412],[50.616016,81.04126],[50.518164,81.045557],[50.411914,81.084375],[50.377441,81.102734],[50.368457,81.12251],[50.464941,81.126221],[50.505957,81.144238],[50.521582,81.158203],[50.591797,81.169434],[50.715918,81.170654],[50.878613,81.150879],[50.946191,81.108154],[50.78877,81.071826],[50.753711,81.047412]]],[[[55.479688,80.273828],[55.195117,80.226807],[55.048438,80.228369],[54.979688,80.256445],[55.091602,80.295557],[55.240039,80.325391],[55.353223,80.317676],[55.434766,80.302246],[55.479688,80.273828]]],[[[54.415332,80.472803],[54.275879,80.421338],[53.811914,80.476221],[53.85,80.503857],[53.900195,80.51543],[53.901563,80.54248],[53.858887,80.563037],[53.877246,80.605273],[54.176758,80.574365],[54.205371,80.561768],[54.407129,80.540137],[54.437305,80.498682],[54.415332,80.472803]]],[[[59.688867,79.955811],[59.330664,79.923047],[59.202637,79.932959],[59.169238,79.948291],[59.100391,79.96416],[58.919238,79.984619],[58.946094,80.042334],[59.001465,80.053906],[59.544531,80.118848],[59.80166,80.082666],[59.911035,79.994287],[59.688867,79.955811]]],[[[58.622363,81.04165],[58.761523,80.990967],[58.815332,80.933594],[58.902539,80.897656],[58.930566,80.831689],[58.859961,80.779395],[58.641895,80.767969],[58.285645,80.764893],[57.937891,80.793359],[57.749805,80.889062],[57.405176,80.915137],[57.210938,81.01709],[57.410254,81.046777],[57.65625,81.031543],[58.049512,81.118457],[58.102344,81.114258],[58.189941,81.09458],[58.507617,81.061768],[58.622363,81.04165]]],[[[47.983008,45.488232],[47.967676,45.469971],[47.920313,45.562061],[47.917578,45.618164],[47.947168,45.64707],[47.987109,45.554053],[47.983008,45.488232]]],[[[50.265234,69.185596],[50.283008,69.088867],[50.220605,69.048779],[50.164453,69.037549],[50.140918,69.098145],[50.093945,69.125537],[49.920801,69.053271],[49.839844,68.973779],[49.62627,68.859717],[49.180469,68.778418],[48.910352,68.743066],[48.666992,68.733154],[48.439063,68.804883],[48.315918,68.942383],[48.294434,68.984229],[48.278809,69.040332],[48.280273,69.096631],[48.296289,69.183887],[48.319922,69.269238],[48.413867,69.345654],[48.631348,69.436035],[48.844922,69.494727],[48.95332,69.509277],[49.225195,69.51123],[49.996289,69.309424],[50.167285,69.25708],[50.265234,69.185596]]],[[[63.373828,80.700098],[63.187598,80.697607],[63.002148,80.712842],[62.760449,80.762695],[62.520313,80.821875],[62.592578,80.853027],[62.819336,80.893799],[63.11582,80.966797],[63.614746,80.980908],[63.855957,80.981152],[64.095703,80.99834],[64.165918,81.035742],[64.210449,81.106348],[64.255859,81.144434],[64.310156,81.175195],[64.575391,81.198486],[64.802051,81.197266],[65.027734,81.169482],[65.171973,81.144043],[65.309766,81.096436],[65.382031,81.056738],[65.360059,81.008203],[65.37207,80.968018],[65.437402,80.930713],[64.997461,80.818896],[64.54834,80.75542],[63.373828,80.700098]]],[[[57.95625,80.123242],[57.800098,80.104053],[57.392285,80.13916],[57.332324,80.158105],[57.281445,80.193896],[57.214063,80.328271],[57.211719,80.368457],[57.18623,80.39624],[57.083398,80.445215],[57.011133,80.468311],[57.075,80.493945],[57.521973,80.475391],[58.480469,80.464746],[58.97168,80.415869],[59.115918,80.388428],[59.255469,80.343213],[58.397949,80.31875],[58.283887,80.297803],[58.285742,80.248145],[58.255469,80.201807],[58.163184,80.196533],[57.95625,80.123242]]],[[[62.167773,80.834766],[62.227734,80.794385],[62.191797,80.730225],[62.114551,80.683691],[62.075781,80.616943],[61.769141,80.601025],[61.68125,80.586328],[61.597461,80.534961],[61.285156,80.504736],[61.05127,80.418604],[60.722266,80.434668],[60.27832,80.494434],[59.900195,80.446094],[59.649805,80.43125],[59.346387,80.505029],[59.304395,80.521533],[59.288184,80.572656],[59.30625,80.617773],[59.386523,80.712549],[59.495117,80.766504],[59.549414,80.783594],[59.592285,80.816504],[59.71582,80.836377],[60.094531,80.848584],[60.234961,80.837744],[60.278027,80.801465],[60.481543,80.804248],[60.820215,80.826562],[61.313184,80.862646],[61.597461,80.89292],[61.850586,80.885937],[62.10293,80.866602],[62.167773,80.834766]]],[[[61.14082,80.950342],[60.826758,80.929688],[60.321094,80.955518],[60.058203,80.984619],[60.07832,80.99917],[60.147559,81.01665],[60.586621,81.087695],[61.457422,81.103955],[61.567383,81.050293],[61.471973,81.011035],[61.14082,80.950342]]],[[[53.521387,80.185205],[52.856348,80.173242],[52.635938,80.178857],[52.607031,80.191162],[52.550488,80.201855],[52.343555,80.213232],[52.213379,80.263721],[52.270215,80.276318],[52.57666,80.296924],[52.680566,80.318506],[52.716016,80.347559],[52.853906,80.402393],[53.185645,80.412646],[53.329199,80.402393],[53.345898,80.366309],[53.486133,80.323389],[53.85166,80.268359],[53.77793,80.22832],[53.65293,80.222559],[53.521387,80.185205]]],[[[57.078711,80.350928],[57.122656,80.316992],[57.118945,80.193945],[57.072754,80.139404],[57.080176,80.094678],[56.986914,80.071484],[56.200586,80.076465],[55.811621,80.087158],[55.724023,80.104736],[55.942285,80.163281],[56.012207,80.203906],[55.989844,80.320068],[56.024414,80.341309],[56.655078,80.330322],[56.707227,80.363281],[56.944531,80.366162],[57.078711,80.350928]]],[[[57.810254,81.546045],[57.862695,81.506445],[58.016602,81.483789],[58.436035,81.46416],[58.563867,81.418408],[58.371875,81.386963],[57.858691,81.368066],[57.911914,81.303271],[58.015332,81.254834],[57.912891,81.19751],[57.769727,81.169727],[57.450977,81.135547],[57.159473,81.178467],[56.821875,81.237939],[56.669238,81.198291],[56.5125,81.175244],[56.363965,81.178613],[56.191992,81.223975],[55.716699,81.188477],[55.572656,81.228076],[55.466016,81.311182],[55.781934,81.329443],[56.156836,81.303076],[56.404688,81.387012],[56.71875,81.423389],[56.973047,81.510547],[57.091504,81.541211],[57.365039,81.535254],[57.456445,81.542871],[57.716602,81.564648],[57.810254,81.546045]]],[[[54.718945,81.115967],[55.470703,81.019873],[56.170117,81.02915],[56.472266,80.998242],[56.909668,80.912891],[57.567773,80.819727],[57.694141,80.792285],[57.580371,80.755469],[56.814746,80.663623],[56.315527,80.632861],[55.883398,80.628418],[55.7125,80.637305],[55.540625,80.70332],[55.117188,80.751904],[54.668164,80.738672],[54.62334,80.765234],[54.532813,80.783008],[54.376074,80.786963],[54.066602,80.813623],[54.04541,80.871973],[54.240527,80.901855],[54.367285,80.903809],[54.416797,80.986523],[54.633984,81.113184],[54.718945,81.115967]]],[[[63.650977,81.609326],[63.528516,81.596582],[62.884961,81.608887],[62.573047,81.633057],[62.53125,81.647021],[62.515234,81.659131],[62.106445,81.679346],[62.283984,81.706543],[62.794922,81.718945],[63.70957,81.687305],[63.767383,81.66416],[63.782422,81.649805],[63.650977,81.609326]]],[[[58.29541,81.715186],[57.964844,81.695654],[57.920605,81.710498],[57.909277,81.721924],[57.945117,81.747852],[57.984961,81.797021],[58.13457,81.827979],[59.261816,81.854199],[59.408496,81.825439],[59.356836,81.780957],[59.356445,81.758984],[58.29541,81.715186]]],[[[60.450488,69.934863],[60.480664,69.885498],[60.477246,69.793701],[60.440234,69.725928],[60.327148,69.715283],[60.215918,69.687695],[60.026172,69.717041],[59.919531,69.696973],[59.812793,69.695654],[59.724609,69.706201],[59.637012,69.721045],[59.578223,69.738623],[59.58125,69.790869],[59.502637,69.866211],[59.381543,69.89043],[59.268359,69.898438],[59.144238,69.921924],[59.08252,69.910791],[59.004004,69.883301],[58.952734,69.892773],[58.680078,70.051025],[58.63418,70.088037],[58.605566,70.129199],[58.568066,70.155664],[58.473047,70.266846],[58.519922,70.318311],[58.615332,70.35083],[58.678027,70.35957],[58.794238,70.432959],[59.005273,70.465186],[59.048047,70.460498],[59.088281,70.437109],[59.309863,70.36167],[59.425977,70.310937],[59.529102,70.248975],[59.636328,70.197021],[59.955859,70.10835],[60.172266,70.022852],[60.392578,69.962402],[60.450488,69.934863]]],[[[20.957813,55.278906],[20.859375,55.183643],[20.594824,54.982373],[20.677734,54.955664],[20.774023,54.947021],[20.8875,54.909473],[20.995898,54.902686],[21.188867,54.935205],[21.222852,55.107764],[21.235742,55.264111],[21.297559,55.264453],[21.389258,55.275537],[21.44707,55.234424],[21.554688,55.195312],[21.682715,55.160352],[21.873926,55.100732],[22.072363,55.063672],[22.137891,55.059375],[22.346387,55.064258],[22.567285,55.059131],[22.627441,54.970703],[22.736523,54.928857],[22.824707,54.871289],[22.83125,54.838477],[22.709668,54.632617],[22.684473,54.562939],[22.679883,54.493018],[22.724316,54.405615],[22.766211,54.356787],[22.731836,54.350098],[22.168457,54.359863],[21.63418,54.376465],[21.140527,54.391797],[20.664746,54.406641],[20.208203,54.420752],[19.924316,54.433984],[19.644238,54.44707],[19.604395,54.45918],[19.758496,54.544824],[19.858887,54.633838],[19.944141,54.75],[19.953223,54.830469],[19.974512,54.921191],[20.107617,54.956494],[20.39668,54.95127],[20.520313,54.994873],[20.678906,55.102637],[20.845703,55.232031],[20.899805,55.28667],[20.957813,55.278906]]],[[[33.594141,46.09624],[33.654323,46.146222],[33.659965,46.219573],[33.806667,46.208288],[34.02672,46.106725],[34.128283,46.089798],[34.224203,46.101083],[34.353978,46.061586],[34.449898,45.965666],[34.523249,45.97695],[34.686878,45.97695],[34.794084,45.892315],[34.799726,45.790752],[34.946428,45.728686],[35.001674,45.733383],[35.022852,45.700977],[35.260156,45.446924],[35.373926,45.353613],[35.45752,45.316309],[35.558008,45.310889],[35.750977,45.389355],[35.833496,45.401611],[36.012891,45.37168],[36.077148,45.424121],[36.170508,45.453076],[36.290332,45.456738],[36.427051,45.433252],[36.575,45.393555],[36.514258,45.30376],[36.450781,45.232324],[36.428418,45.153271],[36.393359,45.065381],[36.229883,45.025977],[36.054785,45.030811],[35.870117,45.005322],[35.803613,45.0396],[35.759473,45.07085],[35.677539,45.102002],[35.569531,45.119336],[35.472559,45.098486],[35.357813,44.978418],[35.154785,44.896338],[35.087695,44.802637],[34.887793,44.823584],[34.716895,44.807129],[34.469922,44.72168],[34.281738,44.538428],[34.074414,44.423828],[33.909961,44.387598],[33.755664,44.398926],[33.655859,44.433203],[33.450684,44.553662],[33.462695,44.596826],[33.491309,44.618604],[33.530078,44.680518],[33.612207,44.907812],[33.601172,44.981494],[33.555176,45.097656],[33.39248,45.187842],[33.261523,45.170752],[33.186914,45.194775],[32.918652,45.348145],[32.772656,45.358984],[32.611328,45.328076],[32.551855,45.350391],[32.508008,45.403809],[32.828027,45.593018],[33.142285,45.749219],[33.280078,45.765234],[33.466211,45.837939],[33.664844,45.94707],[33.636719,46.032861],[33.594141,46.09624]]]]}},{"type":"Feature","properties":{"name":"Poland","role_pre":"consumer","role_post":"diversified","label":"POLAND"},"geometry":{"type":"Polygon","coordinates":[[[23.605273,51.51792],[23.658887,51.448975],[23.679688,51.394922],[23.657617,51.35249],[23.664453,51.310059],[23.712207,51.265137],[23.863477,51.126221],[23.938086,50.992529],[23.985742,50.94043],[24.095801,50.872754],[24.105762,50.844971],[24.061621,50.819531],[24.025977,50.816162],[23.99707,50.809375],[23.978418,50.785596],[24.007324,50.760156],[24.046289,50.722803],[24.094727,50.617041],[24.089941,50.530469],[24.052637,50.508447],[24.00498,50.457031],[23.972656,50.410059],[23.711719,50.377344],[23.649023,50.327051],[23.506152,50.229834],[23.408594,50.173926],[23.264453,50.072852],[23.036328,49.899072],[22.952246,49.826367],[22.890723,49.76626],[22.706152,49.606201],[22.649414,49.539014],[22.660645,49.483691],[22.719922,49.353809],[22.732422,49.295166],[22.721973,49.240967],[22.702344,49.192725],[22.705664,49.171191],[22.760156,49.13623],[22.84707,49.08125],[22.852051,49.062744],[22.839746,49.038916],[22.809766,49.020752],[22.70127,49.039941],[22.57998,49.077197],[22.538672,49.072705],[22.473047,49.081299],[22.202539,49.153223],[22.020117,49.209521],[22.002148,49.246094],[21.967676,49.299072],[21.890137,49.343457],[21.712109,49.381934],[21.639648,49.411963],[21.350488,49.42876],[21.225,49.429443],[21.136133,49.417041],[21.079395,49.418262],[21.001172,49.339844],[20.947266,49.31709],[20.868457,49.314697],[20.799512,49.328662],[20.729004,49.369922],[20.616113,49.391699],[20.53457,49.381201],[20.474512,49.390186],[20.422656,49.392334],[20.404688,49.384082],[20.362988,49.385254],[20.302539,49.365527],[20.236523,49.337646],[20.163672,49.316406],[20.107617,49.270752],[20.057617,49.181299],[19.916113,49.221387],[19.868945,49.204004],[19.802246,49.192334],[19.756641,49.204395],[19.767383,49.235205],[19.787988,49.269971],[19.787012,49.318555],[19.773926,49.372168],[19.730078,49.3896],[19.66416,49.396045],[19.630273,49.406641],[19.62666,49.424365],[19.593066,49.447119],[19.534766,49.504785],[19.479688,49.576367],[19.441602,49.597705],[19.38623,49.563623],[19.302344,49.524854],[19.250195,49.511426],[19.149414,49.4],[18.968359,49.39624],[18.957227,49.448291],[18.938184,49.498291],[18.832227,49.510791],[18.829297,49.540137],[18.806934,49.613721],[18.594629,49.757812],[18.568848,49.81792],[18.577148,49.841113],[18.562402,49.879346],[18.516211,49.902393],[18.348438,49.929834],[18.305273,49.914062],[18.266309,49.930273],[18.205273,49.964746],[18.099219,49.992773],[18.087695,50.007275],[18.049512,50.031934],[18.02832,50.035254],[18.014648,50.020264],[17.983789,49.999072],[17.874805,49.972266],[17.83125,49.983301],[17.791699,50.006592],[17.746582,50.056787],[17.681055,50.100781],[17.627051,50.116406],[17.596289,50.139502],[17.589355,50.157471],[17.709277,50.193555],[17.735449,50.230762],[17.720117,50.298633],[17.702246,50.307178],[17.654688,50.284229],[17.55459,50.264062],[17.462305,50.254785],[17.415234,50.254785],[17.151953,50.37832],[16.980762,50.416113],[16.880078,50.427051],[16.869141,50.414502],[16.914746,50.345215],[16.993359,50.259717],[16.989648,50.236914],[16.895313,50.201953],[16.841797,50.186719],[16.778613,50.157031],[16.725293,50.116064],[16.679102,50.097461],[16.63916,50.102148],[16.59668,50.121924],[16.487598,50.248389],[16.350488,50.345215],[16.33418,50.366895],[16.291309,50.371875],[16.230762,50.394092],[16.210352,50.42373],[16.240723,50.454687],[16.28252,50.483008],[16.356641,50.500488],[16.379102,50.516895],[16.392285,50.54165],[16.419727,50.573633],[16.4125,50.585156],[16.359961,50.621387],[16.282227,50.655615],[16.066406,50.629932],[16.007227,50.611621],[15.973828,50.635449],[15.948535,50.670264],[15.893945,50.676904],[15.819238,50.708691],[15.730566,50.739697],[15.643945,50.748877],[15.463965,50.793848],[15.394629,50.796289],[15.354395,50.811768],[15.312598,50.845752],[15.277051,50.883008],[15.258594,50.958545],[15.125977,50.992871],[14.99375,51.014355],[14.984473,51.003418],[14.989941,50.927246],[14.98291,50.886572],[14.895801,50.861377],[14.809375,50.858984],[14.814258,50.871631],[14.91748,51.00874],[14.963867,51.095117],[15.016602,51.252734],[14.953125,51.377148],[14.935547,51.435352],[14.905957,51.46333],[14.724707,51.523877],[14.710938,51.544922],[14.738672,51.627148],[14.724902,51.661719],[14.681348,51.698193],[14.623926,51.770801],[14.60166,51.832373],[14.674902,51.904834],[14.692969,51.958008],[14.724805,52.030859],[14.748145,52.070801],[14.752539,52.081836],[14.70459,52.110205],[14.692383,52.150049],[14.705371,52.207471],[14.679883,52.25],[14.615625,52.277637],[14.573926,52.31416],[14.55459,52.359668],[14.569727,52.431104],[14.619434,52.528516],[14.514063,52.645605],[14.253711,52.78252],[14.128613,52.878223],[14.138867,52.932861],[14.193652,52.982324],[14.293164,53.026758],[14.368555,53.105566],[14.410938,53.199023],[14.412305,53.216748],[14.414551,53.283496],[14.29873,53.556445],[14.279883,53.624756],[14.266113,53.707129],[14.258887,53.729639],[14.487598,53.671875],[14.583496,53.639355],[14.571582,53.675879],[14.552148,53.707324],[14.564941,53.753516],[14.558398,53.823193],[14.350879,53.85874],[14.213672,53.870752],[14.198242,53.919043],[14.211426,53.950342],[14.249316,53.931934],[14.38418,53.924707],[14.715723,54.018311],[15.288379,54.139893],[15.9,54.253955],[16.042773,54.266357],[16.186328,54.290381],[16.239355,54.333057],[16.292285,54.361621],[16.375586,54.436865],[16.559766,54.553809],[16.885449,54.596387],[17.007031,54.651855],[17.261914,54.729541],[17.842969,54.816699],[18.085645,54.83584],[18.323438,54.838184],[18.535156,54.769434],[18.759277,54.68457],[18.799609,54.63335],[18.67832,54.665283],[18.501563,54.741504],[18.43623,54.744727],[18.587109,54.512891],[18.669629,54.430908],[18.836426,54.36958],[18.97627,54.348926],[19.407129,54.386084],[19.560156,54.434619],[19.604395,54.45918],[19.644238,54.44707],[19.924316,54.433984],[20.208203,54.420752],[20.664746,54.406641],[21.140527,54.391797],[21.63418,54.376465],[22.168457,54.359863],[22.731836,54.350098],[22.766211,54.356787],[22.82373,54.395801],[22.893945,54.390527],[22.976758,54.366357],[23.015527,54.34834],[23.031934,54.327881],[23.042188,54.304199],[23.0875,54.299463],[23.170313,54.281445],[23.282324,54.240332],[23.370117,54.200488],[23.453613,54.143457],[23.481348,54.079004],[23.483008,54.005957],[23.477637,53.958936],[23.484668,53.939795],[23.598926,53.599219],[23.789258,53.270947],[23.85918,53.112109],[23.887109,53.027539],[23.909375,52.904883],[23.916309,52.81875],[23.91543,52.770264],[23.90127,52.703613],[23.844727,52.664209],[23.47959,52.551562],[23.410938,52.516211],[23.30332,52.428369],[23.204102,52.337891],[23.18125,52.306982],[23.175098,52.286621],[23.196973,52.256934],[23.327148,52.208447],[23.458398,52.169531],[23.501172,52.140381],[23.597949,52.103076],[23.633301,52.06958],[23.652441,52.040381],[23.651074,51.972998],[23.607422,51.879785],[23.625684,51.809326],[23.581348,51.762402],[23.544824,51.710254],[23.539648,51.618896],[23.605273,51.51792]]]}},{"type":"Feature","properties":{"name":"Norway","role_pre":"baseline_supplier","role_post":"alt_supplier","label":"NORWAY"},"geometry":{"type":"MultiPolygon","coordinates":[[[[20.622168,69.036865],[20.491992,69.033301],[20.116699,69.020898],[20.282324,68.934326],[20.337109,68.899658],[20.348047,68.84873],[20.319434,68.754053],[20.240039,68.673145],[20.147461,68.607324],[19.968848,68.542041],[20.240039,68.477539],[20.055957,68.390381],[19.969824,68.356396],[19.87002,68.362256],[19.691211,68.392432],[19.258984,68.465332],[19.052637,68.492725],[18.868262,68.501123],[18.769824,68.500049],[18.378613,68.562402],[18.303027,68.55542],[18.162598,68.528418],[18.14707,68.467773],[18.155957,68.316846],[18.17666,68.200635],[18.125,68.133447],[18.073242,68.087842],[17.916699,67.964893],[17.564746,68.048438],[17.324609,68.103809],[17.170508,68.030127],[16.783594,67.89502],[16.585547,67.62832],[16.574121,67.61958],[16.457129,67.551758],[16.307129,67.520605],[16.193555,67.505176],[16.127441,67.42583],[16.281543,67.312061],[16.360645,67.252002],[16.434277,67.155078],[16.420703,67.093359],[16.403516,67.05498],[16.237695,66.976416],[15.88418,66.768848],[15.557031,66.5521],[15.422949,66.489844],[15.483789,66.305957],[15.374902,66.252051],[15.15332,66.191064],[15.040039,66.167529],[14.917969,66.153711],[14.543262,66.129346],[14.609961,65.932275],[14.635156,65.84502],[14.63457,65.793262],[14.595801,65.742871],[14.549512,65.646387],[14.479688,65.301465],[14.42627,65.264355],[14.352441,65.17085],[14.115137,64.946143],[13.924805,64.796777],[13.650293,64.581543],[13.873535,64.513574],[14.077637,64.464014],[14.119922,64.387744],[14.148047,64.260303],[14.141211,64.173535],[14.063281,64.095508],[14.002734,64.040723],[13.960547,64.014014],[13.670703,64.040625],[13.299609,64.074805],[13.203516,64.075098],[12.987598,64.050488],[12.792773,64],[12.690039,63.957422],[12.6625,63.940479],[12.532715,63.843555],[12.301953,63.671191],[12.175195,63.595947],[12.212109,63.492236],[11.999902,63.291699],[12.138672,63.08916],[12.144629,63.08252],[12.218164,63.000635],[12.141016,62.947852],[12.108594,62.919482],[12.119629,62.825928],[12.139844,62.721338],[12.121875,62.66001],[12.114551,62.591895],[12.303516,62.285596],[12.301367,62.21377],[12.291992,62.167432],[12.233691,61.976855],[12.155371,61.720752],[12.29209,61.653467],[12.486816,61.572998],[12.596094,61.541309],[12.75752,61.445703],[12.880762,61.352295],[12.863672,61.290283],[12.828223,61.221826],[12.776367,61.173975],[12.727832,61.108252],[12.706055,61.059863],[12.683008,61.046826],[12.467578,61.041504],[12.353711,61.023193],[12.294141,61.002686],[12.314648,60.892139],[12.445312,60.689648],[12.553809,60.545654],[12.588672,60.450732],[12.552832,60.354492],[12.51582,60.305225],[12.514648,60.238867],[12.486133,60.106787],[12.402051,60.040039],[12.291992,59.967236],[12.169238,59.912891],[12.071875,59.897607],[11.988281,59.891309],[11.932129,59.863672],[11.88125,59.782471],[11.834277,59.697168],[11.680762,59.592285],[11.684863,59.555762],[11.743359,59.431445],[11.798145,59.289893],[11.751855,59.157568],[11.712207,59.018652],[11.642773,58.926074],[11.543555,58.893018],[11.470703,58.909521],[11.388281,59.036523],[11.386426,59.065723],[11.365918,59.104541],[11.132129,59.143213],[11.09082,59.141797],[10.998926,59.164453],[10.94502,59.17085],[10.834473,59.183936],[10.742578,59.295996],[10.644922,59.389209],[10.631055,59.428174],[10.634375,59.60249],[10.604492,59.680029],[10.595313,59.764551],[10.533887,59.695801],[10.569531,59.587109],[10.49375,59.541504],[10.398145,59.519336],[10.407129,59.455664],[10.446387,59.443604],[10.45459,59.37749],[10.431348,59.279639],[10.243164,59.062061],[10.205176,59.038672],[10.179395,59.009277],[10.083105,59.028809],[9.95957,58.968213],[9.842578,58.958496],[9.800195,59.027051],[9.635156,59.117773],[9.557227,59.112695],[9.627148,59.06792],[9.696094,59.009717],[9.656934,58.971191],[9.618457,58.946045],[9.551074,58.933008],[9.309961,58.856836],[9.395801,58.805664],[9.322949,58.747559],[9.238672,58.739014],[9.19375,58.711865],[9.178125,58.675],[8.928418,58.569971],[8.521387,58.300586],[8.312207,58.224463],[8.166113,58.145313],[8.037402,58.147266],[7.875586,58.07998],[7.465918,58.020947],[7.194141,58.047656],[7.004883,58.024219],[6.903418,58.070508],[6.890234,58.102295],[6.895313,58.120752],[6.912305,58.142871],[6.877051,58.150732],[6.802832,58.154541],[6.771094,58.132227],[6.766797,58.081543],[6.731445,58.068311],[6.590527,58.097314],[6.555078,58.123437],[6.605762,58.176367],[6.69248,58.224023],[6.676758,58.233789],[6.659863,58.262744],[6.617578,58.266406],[6.491504,58.259424],[6.389063,58.267969],[6.054688,58.375146],[5.976562,58.432324],[5.706836,58.523633],[5.585938,58.62041],[5.517285,58.726514],[5.522461,58.822656],[5.555566,58.975195],[5.612207,59.012891],[5.854297,58.959473],[6.099023,58.870264],[6.137305,58.874658],[6.21416,58.944678],[6.363281,59.000928],[6.321094,59.016455],[6.099414,58.951953],[6.016992,58.987695],[5.88916,59.060498],[5.88916,59.097949],[5.94873,59.135449],[5.968555,59.186133],[5.937305,59.233984],[5.951855,59.299072],[6.050684,59.368164],[6.198926,59.438086],[6.305664,59.505566],[6.415332,59.547119],[6.403906,59.560986],[6.278516,59.534521],[6.158594,59.489648],[6.017383,59.414453],[5.845215,59.353467],[5.717969,59.329834],[5.657324,59.310254],[5.564063,59.291211],[5.467578,59.203809],[5.362305,59.166357],[5.173242,59.162549],[5.131641,59.226465],[5.185059,59.453662],[5.242188,59.564307],[5.304883,59.642578],[5.403516,59.655762],[5.472461,59.713086],[5.529688,59.713086],[5.579492,59.686621],[5.772168,59.660938],[5.867285,59.733984],[5.991016,59.744678],[6.216602,59.818359],[6.211914,59.831787],[6.059277,59.815576],[5.966699,59.813184],[5.833984,59.794678],[5.763477,59.80791],[5.730469,59.863086],[5.783594,59.912793],[5.996484,60.031494],[6.069922,60.083496],[6.111816,60.13208],[6.105176,60.165137],[6.140527,60.233496],[6.34873,60.352979],[6.518066,60.407568],[6.573633,60.360596],[6.526367,60.213623],[6.526855,60.15293],[6.660938,60.367236],[6.719922,60.418164],[6.787109,60.454102],[6.949707,60.478223],[6.995703,60.511963],[6.806348,60.500781],[6.346973,60.419092],[6.15332,60.34624],[6.101758,60.290137],[5.967383,60.205566],[5.904395,60.150635],[5.876563,60.07002],[5.800879,60.026221],[5.698828,60.01001],[5.557031,59.907764],[5.494531,59.825586],[5.353418,59.760107],[5.263867,59.709766],[5.234473,59.691797],[5.186035,59.642285],[5.145801,59.638818],[5.110742,59.667822],[5.104883,59.731689],[5.119238,59.833691],[5.187109,59.90708],[5.219531,59.97876],[5.174414,60.045703],[5.205664,60.087939],[5.26543,60.086475],[5.376465,60.067236],[5.494531,60.070312],[5.688574,60.123193],[5.657617,60.154102],[5.573828,60.158496],[5.417383,60.154102],[5.28584,60.205713],[5.183594,60.308398],[5.137109,60.445605],[5.168164,60.484814],[5.546484,60.624561],[5.64834,60.687988],[5.589355,60.694287],[5.447363,60.617334],[5.244043,60.56958],[5.11582,60.635986],[5.049121,60.70752],[5.010742,60.858545],[5.024609,60.936133],[5.008594,61.038184],[5.09541,61.071338],[5.19248,61.053711],[5.288184,61.047168],[5.505273,61.056104],[5.983984,61.117334],[6.292578,61.080957],[6.417969,61.084277],[6.609863,61.137012],[6.777832,61.142432],[6.903418,61.102148],[6.97207,61.055957],[6.980566,60.994141],[7.038672,60.95293],[7.07793,60.966309],[7.04668,61.015283],[7.040137,61.091162],[7.54502,61.177148],[7.604492,61.210547],[7.403906,61.222168],[7.346582,61.300586],[7.452539,61.419238],[7.442578,61.434619],[7.331152,61.372021],[7.27627,61.283936],[7.298047,61.213623],[7.275977,61.180957],[7.173535,61.165967],[6.942578,61.160547],[6.794336,61.190381],[6.657031,61.206592],[6.610254,61.229102],[6.625879,61.279297],[6.599902,61.289648],[6.543066,61.244531],[6.492578,61.15459],[6.383496,61.133887],[6.08252,61.167285],[5.646777,61.147607],[5.45127,61.102344],[5.324609,61.108252],[5.106738,61.187549],[5.02168,61.250586],[4.989941,61.377686],[5.002734,61.433594],[5.172461,61.457129],[5.258301,61.455469],[5.338672,61.485498],[5.267578,61.505029],[5.167578,61.543359],[5.099414,61.620166],[4.99668,61.645215],[4.927832,61.710693],[4.910352,61.80957],[4.930078,61.87832],[4.985059,61.900439],[5.116992,61.8854],[5.465332,61.896924],[5.793262,61.8271],[6.01582,61.7875],[6.466699,61.807422],[6.730762,61.869775],[6.682324,61.887012],[6.395898,61.850977],[6.131152,61.852441],[5.664453,61.9229],[5.473047,61.945605],[5.266895,61.935596],[5.15957,61.956982],[5.096484,62.02666],[5.143164,62.159912],[5.240918,62.188672],[5.293848,62.153906],[5.357715,62.151709],[5.422363,62.207373],[5.484277,62.239111],[5.533301,62.310889],[5.718164,62.378906],[5.796289,62.384668],[5.908301,62.416016],[5.979785,62.407129],[6.025586,62.375684],[6.083496,62.349609],[6.208984,62.352783],[6.580078,62.407275],[6.62002,62.423291],[6.692383,62.468066],[6.457129,62.448096],[6.261719,62.416309],[6.136133,62.407471],[6.118457,62.447168],[6.164746,62.482422],[6.2375,62.519922],[6.272852,62.583838],[6.35293,62.611133],[6.439453,62.609668],[6.618359,62.621289],[6.744629,62.637891],[6.961133,62.626758],[7.283789,62.602295],[7.491797,62.542822],[7.570117,62.548193],[7.653125,62.564014],[7.690723,62.585596],[7.527441,62.610303],[7.518164,62.645508],[7.538379,62.67207],[7.804688,62.720996],[8.095508,62.731836],[8.045508,62.77124],[7.408398,62.711768],[7.24209,62.752344],[7.11084,62.752002],[7.024902,62.728809],[6.77998,62.700732],[6.734961,62.720703],[6.781543,62.789648],[6.928223,62.902734],[6.94043,62.930469],[7.008496,62.957666],[7.389063,63.023291],[7.571875,63.099512],[7.654297,63.10918],[7.736035,63.103857],[7.860352,63.112793],[8.100586,63.090967],[8.211133,62.995508],[8.310547,62.965527],[8.623145,62.84624],[8.60918,62.880566],[8.338574,63.042187],[8.235156,63.082178],[8.158008,63.161523],[8.184473,63.236523],[8.271484,63.286572],[8.580176,63.313379],[8.635547,63.342334],[8.641016,63.39209],[8.59375,63.426123],[8.480176,63.42417],[8.386523,63.445264],[8.360742,63.498877],[8.398145,63.535107],[8.576172,63.601172],[8.673633,63.622607],[8.842383,63.645898],[9.13584,63.593652],[9.158105,63.56626],[9.075879,63.500391],[9.08418,63.463428],[9.156055,63.459326],[9.323633,63.570361],[9.520703,63.585693],[9.602246,63.60957],[9.696875,63.624561],[9.832227,63.52417],[9.891504,63.492041],[9.936035,63.478857],[9.979199,63.395264],[10.020996,63.39082],[10.080566,63.432715],[10.188574,63.454785],[10.340039,63.469336],[10.590918,63.447217],[10.704492,63.463574],[10.760156,63.461279],[10.706738,63.536328],[10.673633,63.558008],[10.725293,63.625],[10.779199,63.651172],[10.952539,63.698193],[11.117871,63.719189],[11.225781,63.763818],[11.370703,63.804834],[11.347949,63.837695],[11.307617,63.875732],[11.213867,63.878125],[11.175586,63.898877],[11.294629,63.948193],[11.457617,64.002979],[11.429199,64.024512],[11.306641,64.048877],[11.213574,64.030518],[11.075195,63.988135],[10.914258,63.921094],[10.966699,63.901562],[11.047266,63.845215],[10.934863,63.770215],[10.33916,63.571045],[10.055078,63.512695],[9.924023,63.521777],[9.892773,63.576221],[9.832324,63.616504],[9.76748,63.699512],[9.657227,63.697314],[9.594629,63.678955],[9.567285,63.706152],[9.614746,63.794824],[9.708008,63.864893],[9.864453,63.917822],[9.939453,63.981738],[10.009961,64.083154],[10.23623,64.179639],[10.565625,64.418311],[10.833984,64.494482],[10.932324,64.577734],[11.09043,64.614551],[11.225391,64.679492],[11.331348,64.685937],[11.523828,64.744385],[11.63291,64.813916],[11.561719,64.818262],[11.39248,64.772998],[11.296777,64.754785],[11.303516,64.829395],[11.349902,64.905908],[11.489355,64.97583],[12.159668,65.178955],[12.226562,65.145361],[12.306543,65.085986],[12.508398,65.099414],[12.738379,65.214404],[12.915527,65.339258],[12.819824,65.31748],[12.715332,65.266357],[12.511719,65.195312],[12.417578,65.184082],[12.363867,65.193311],[12.333984,65.240723],[12.263379,65.256104],[12.199609,65.245459],[12.133887,65.27915],[12.122168,65.362354],[12.20625,65.48623],[12.272852,65.568164],[12.344824,65.630176],[12.627734,65.806152],[12.688867,65.902197],[12.816797,65.952881],[12.983008,65.941602],[13.033105,65.95625],[12.976074,66.019189],[12.794922,66.069092],[12.783789,66.100439],[13.387109,66.182764],[13.674414,66.17998],[13.759668,66.221045],[13.91582,66.247363],[14.03418,66.297559],[13.973145,66.319727],[13.681348,66.273584],[13.498926,66.251904],[13.416406,66.252588],[13.352051,66.236719],[13.118848,66.230664],[13.068164,66.430811],[13.104688,66.539404],[13.191602,66.537158],[13.211426,66.64082],[13.311816,66.701855],[13.450391,66.715527],[13.520215,66.74165],[13.621094,66.794824],[13.787988,66.782471],[13.959473,66.794336],[13.916992,66.819385],[13.704102,66.85166],[13.651563,66.90708],[13.72666,66.938037],[13.808398,66.960791],[13.880176,66.964893],[14.022363,67.073096],[14.108789,67.119238],[14.205566,67.11123],[14.340332,67.158936],[14.472656,67.142676],[14.600684,67.173877],[14.775586,67.194482],[15.415723,67.202441],[15.434766,67.24668],[15.300098,67.256934],[14.824414,67.268311],[14.581543,67.267432],[14.479297,67.255957],[14.441699,67.271387],[14.44834,67.297852],[14.536621,67.339746],[14.578516,67.386035],[14.75498,67.499023],[14.961914,67.574268],[15.120508,67.555029],[15.28916,67.483154],[15.409375,67.47417],[15.465332,67.450928],[15.55293,67.351758],[15.594434,67.348535],[15.575684,67.443848],[15.691504,67.521387],[15.661328,67.542822],[15.487305,67.514795],[15.354004,67.543945],[15.24873,67.602148],[15.218652,67.655371],[15.284082,67.707959],[15.345801,67.734424],[15.303906,67.765283],[15.04082,67.682568],[14.854688,67.66333],[14.781348,67.674902],[14.821094,67.749854],[14.798926,67.809326],[15.048438,67.955762],[15.134277,67.972705],[15.274414,67.960938],[15.400879,67.919629],[15.506641,67.926221],[15.621387,67.948291],[15.605762,67.987891],[15.356934,68.003613],[15.292871,68.036475],[15.316016,68.06875],[15.486816,68.102832],[15.656641,68.164355],[15.85127,68.182178],[16.00791,68.228711],[16.038086,68.218164],[16.064551,68.199902],[16.120801,68.027344],[16.260742,67.886572],[16.312305,67.881445],[16.258594,68.001221],[16.308691,68.035645],[16.372168,68.061816],[16.391992,68.091602],[16.319238,68.101758],[16.259766,68.144531],[16.174805,68.28125],[16.203809,68.316748],[16.387891,68.389551],[16.618848,68.406299],[16.864941,68.355273],[16.951367,68.354687],[17.094043,68.368408],[17.336133,68.410352],[17.478516,68.426318],[17.552832,68.42627],[17.571191,68.447461],[17.502344,68.461084],[17.480176,68.474316],[17.426172,68.481934],[17.202344,68.459277],[16.584863,68.466455],[16.525293,68.490674],[16.514355,68.532568],[16.579883,68.592676],[16.651855,68.625781],[16.884668,68.6854],[17.131152,68.693457],[17.39082,68.799365],[17.490039,68.87876],[17.546289,69.001123],[17.70459,69.100049],[18.101465,69.156299],[18.11748,69.181201],[18.075391,69.232617],[18.078711,69.325244],[18.1875,69.433105],[18.259766,69.470605],[18.293164,69.475098],[18.378711,69.439844],[18.482617,69.364844],[18.645508,69.321875],[18.858984,69.314453],[18.915918,69.335596],[18.75,69.378418],[18.624414,69.434375],[18.614453,69.490576],[18.674023,69.520361],[18.766602,69.517041],[18.882812,69.52334],[18.991113,69.561133],[19.006836,69.587695],[19.011328,69.62373],[19.038379,69.6604],[19.197266,69.747852],[19.687012,69.804736],[19.722461,69.781641],[19.695996,69.612939],[19.639746,69.503809],[19.641504,69.424023],[19.736816,69.503809],[19.864648,69.722119],[19.960547,69.824609],[20.068945,69.883447],[20.146387,69.896729],[20.223047,69.927197],[20.324219,69.945312],[20.355176,69.921924],[20.387207,69.867627],[20.332715,69.676953],[20.338184,69.61665],[20.277148,69.53584],[20.04375,69.355664],[20.054492,69.332666],[20.107227,69.341211],[20.197656,69.370947],[20.486719,69.54209],[20.739453,69.520508],[20.742578,69.534521],[20.661523,69.584717],[20.5625,69.632812],[20.532715,69.692334],[20.545996,69.851074],[20.62207,69.913916],[20.840332,69.907324],[20.971094,69.916016],[21.032129,69.887451],[21.163086,69.889502],[21.253711,70.003223],[21.43291,70.013184],[21.590234,69.938037],[21.77959,69.887451],[21.931738,69.814697],[21.974707,69.83457],[21.892578,70.004248],[21.802734,70.066064],[21.607813,70.098193],[21.400391,70.174463],[21.346289,70.208252],[21.355762,70.233398],[21.53877,70.257666],[21.780273,70.229883],[21.995508,70.293359],[22.054395,70.275977],[22.219434,70.30918],[22.321973,70.264502],[22.384766,70.277734],[22.421191,70.337598],[22.68457,70.374756],[22.85166,70.340479],[22.941211,70.30498],[22.982813,70.236768],[23.046484,70.101855],[23.176953,70.029053],[23.25791,69.993311],[23.353906,69.983398],[23.400195,70.019775],[23.310254,70.063574],[23.286035,70.104834],[23.329102,70.207227],[23.379395,70.247461],[23.66123,70.399756],[23.897168,70.47876],[24.038477,70.485352],[24.285547,70.662402],[24.355566,70.69458],[24.42002,70.702002],[24.403516,70.745312],[24.268164,70.772705],[24.263477,70.826318],[24.441797,70.891553],[24.658008,71.001025],[24.764746,71.008447],[24.831641,70.978027],[25.042188,70.928613],[25.171191,70.872021],[25.264648,70.843506],[25.325391,70.849414],[25.375586,70.891943],[25.435938,70.911865],[25.569824,70.900684],[25.649707,70.87334],[25.711914,70.869727],[25.768164,70.853174],[25.781445,70.816797],[25.665625,70.777148],[25.468262,70.671973],[25.273535,70.552393],[25.209277,70.489404],[25.146387,70.324023],[24.994238,70.218213],[24.982715,70.143994],[25.043848,70.109033],[25.211816,70.136475],[25.418848,70.235498],[25.470508,70.340576],[25.988086,70.625391],[26.230859,70.782617],[26.506934,70.912793],[26.661328,70.939746],[26.733984,70.853564],[26.675488,70.740967],[26.558203,70.669141],[26.644629,70.63623],[26.628125,70.550879],[26.601172,70.503467],[26.583984,70.453809],[26.585059,70.41001],[26.666113,70.42168],[26.989355,70.511377],[27.071289,70.608447],[27.147266,70.681201],[27.183691,70.744043],[27.309375,70.803564],[27.546484,70.804004],[27.555664,70.827393],[27.269043,70.91001],[27.235254,70.947217],[27.331641,70.996729],[27.59707,71.091309],[27.733496,71.080859],[27.815039,71.059375],[28.141699,71.043018],[28.392285,70.975293],[28.382715,70.869434],[28.326855,70.825195],[28.271875,70.797949],[27.950977,70.717578],[27.898047,70.67793],[27.998828,70.664258],[28.215625,70.704346],[28.271777,70.667969],[28.202734,70.576904],[28.191016,70.440186],[28.166016,70.3604],[28.166016,70.287646],[28.192969,70.248584],[28.280078,70.403418],[28.309863,70.443066],[28.437305,70.501367],[28.484766,70.618799],[28.609375,70.759668],[28.749805,70.841504],[28.831543,70.863965],[29.102344,70.860742],[29.218555,70.829932],[29.321094,70.761475],[29.397656,70.734131],[29.639063,70.705029],[29.721973,70.668555],[29.7375,70.646826],[29.796484,70.642529],[29.959375,70.694385],[30.065137,70.702979],[30.237695,70.622168],[30.203027,70.562305],[30.213184,70.543311],[30.42207,70.547168],[30.595898,70.523682],[30.926367,70.401123],[30.960645,70.343848],[30.944141,70.274414],[30.468945,70.197852],[30.262988,70.124707],[29.925879,70.096484],[28.781152,70.14541],[28.804297,70.092529],[29.601367,69.976758],[29.646875,69.943701],[29.621387,69.874072],[29.620996,69.818213],[29.635938,69.780127],[29.694629,69.74458],[29.79209,69.727881],[29.990332,69.73667],[30.088281,69.717578],[30.155176,69.745947],[30.180078,69.841162],[30.237598,69.862207],[30.348828,69.83457],[30.397266,69.732812],[30.42832,69.722266],[30.484375,69.794873],[30.594531,69.789648],[30.714453,69.795703],[30.869727,69.783447],[30.924121,69.651758],[30.922461,69.605811],[30.89668,69.56123],[30.860742,69.538428],[30.788867,69.528516],[30.61543,69.532568],[30.379688,69.584717],[30.227539,69.633789],[30.180176,69.63584],[30.159766,69.629883],[30.196484,69.580566],[30.186719,69.542773],[30.16377,69.501611],[30.131836,69.464258],[30.087305,69.432861],[29.994043,69.39248],[29.832715,69.360449],[29.388281,69.298145],[29.353027,69.270605],[29.209961,69.097021],[29.170898,69.071533],[29.118555,69.049951],[28.96582,69.021973],[28.891895,69.060596],[28.832617,69.118994],[28.846289,69.176904],[29.024902,69.287988],[29.191797,69.366699],[29.238867,69.393945],[29.333398,69.472998],[29.141602,69.671436],[28.800391,69.731494],[28.411719,69.822754],[28.269141,69.871436],[28.047266,69.97168],[27.889941,70.06167],[27.747852,70.064844],[27.591699,70.042236],[27.348047,69.960059],[27.205664,69.918701],[27.127539,69.906494],[27.108691,69.904687],[26.934277,69.928125],[26.740234,69.933057],[26.584277,69.926318],[26.525391,69.915039],[26.308203,69.781934],[26.156152,69.714697],[26.072461,69.691553],[26.011523,69.652637],[25.961523,69.588623],[25.850195,69.366504],[25.767188,69.282666],[25.748633,69.231445],[25.768164,69.076123],[25.74834,68.990137],[25.64668,68.919141],[25.575293,68.887158],[25.480859,68.880615],[25.357129,68.862451],[25.249121,68.821338],[25.172852,68.765283],[25.086914,68.6396],[24.941406,68.593262],[24.802441,68.606494],[24.703223,68.652832],[24.490527,68.688672],[24.332031,68.711523],[24.154102,68.760889],[23.997363,68.798438],[23.854004,68.805908],[23.772559,68.758398],[23.707031,68.713867],[23.4625,68.677637],[23.324023,68.648975],[23.144336,68.642578],[23.07168,68.674365],[22.811035,68.695312],[22.500684,68.720215],[22.410938,68.719873],[22.38291,68.776611],[22.300391,68.855859],[22.079688,68.992773],[21.989453,69.041113],[21.819727,69.154492],[21.621777,69.270703],[21.59375,69.273584],[21.46123,69.27749],[21.266797,69.273682],[21.14375,69.247266],[21.066113,69.214111],[21.052637,69.186572],[21.127832,69.080811],[21.104492,69.054443],[21.065723,69.041748],[20.889258,69.071436],[20.675879,69.069482],[20.622168,69.036865]]],[[[4.958691,61.08457],[4.870117,61.071924],[4.799023,61.082715],[4.824414,61.178223],[4.861621,61.193848],[4.91543,61.199365],[4.973242,61.148242],[4.958691,61.08457]]],[[[5.08584,60.307568],[5.089063,60.18877],[4.996973,60.197754],[4.955566,60.243311],[4.943555,60.272412],[4.950781,60.341162],[4.930078,60.412061],[4.957227,60.447266],[4.990625,60.452051],[5.050195,60.388965],[5.08584,60.307568]]],[[[29.956152,69.796777],[29.766211,69.767529],[29.744238,69.791602],[29.785938,69.829053],[29.83584,69.905566],[29.913965,69.902441],[29.992969,69.873242],[30.055176,69.838379],[29.956152,69.796777]]],[[[11.967969,65.626514],[11.901855,65.595703],[11.77832,65.604541],[11.765137,65.630957],[11.800391,65.683887],[11.875391,65.705908],[11.972363,65.701562],[12.003223,65.679443],[11.967969,65.626514]]],[[[8.470801,63.667139],[8.356152,63.664795],[8.287109,63.687158],[8.45127,63.731836],[8.708887,63.774316],[8.733398,63.801318],[8.764648,63.804639],[8.80918,63.771436],[8.814844,63.725977],[8.786523,63.703467],[8.470801,63.667139]]],[[[8.102734,63.337598],[8.004688,63.336914],[7.888281,63.352344],[7.815332,63.385059],[7.804004,63.413916],[7.938379,63.449805],[8.073535,63.470801],[8.136133,63.431348],[8.140918,63.366406],[8.102734,63.337598]]],[[[23.440527,70.815771],[23.420898,70.784424],[23.387109,70.753906],[23.305176,70.72168],[23.068164,70.594092],[22.928906,70.573535],[22.884766,70.553516],[22.829102,70.541553],[22.656055,70.559033],[22.605371,70.533154],[22.55752,70.515869],[22.432227,70.50918],[22.358691,70.514795],[22.16875,70.562109],[22.055762,70.61333],[21.994531,70.657129],[22.17002,70.656299],[22.232617,70.666895],[22.350293,70.657666],[22.420996,70.702588],[22.570703,70.697168],[22.858105,70.728418],[22.963574,70.710986],[23.204688,70.815479],[23.280176,70.812744],[23.395605,70.842578],[23.440527,70.815771]]],[[[25.586328,71.14209],[25.853516,71.103857],[25.94502,71.104639],[26.077637,71.033154],[26.146875,71.039502],[26.133789,70.995801],[25.999707,70.975098],[25.791309,70.9625],[25.760156,70.953809],[25.582031,70.960791],[25.482031,71.01958],[25.314941,71.034131],[25.315234,71.052979],[25.423438,71.097412],[25.586328,71.14209]]],[[[23.615332,70.549316],[23.633984,70.502539],[23.641016,70.463965],[23.547754,70.408154],[23.332813,70.334961],[23.345117,70.315283],[23.270703,70.296484],[23.15918,70.282617],[23.100293,70.296094],[23.108398,70.358838],[23.090625,70.377637],[23.005957,70.352783],[22.917871,70.384668],[22.917773,70.416748],[22.941016,70.44458],[23.022461,70.486914],[23.158398,70.516064],[23.248047,70.505127],[23.54668,70.61709],[23.578906,70.593652],[23.615332,70.549316]]],[[[24.017578,70.567383],[23.827148,70.52749],[23.716602,70.561865],[23.670117,70.59707],[23.663281,70.675244],[23.68916,70.722803],[23.778418,70.747363],[23.836523,70.729395],[23.852051,70.714355],[23.956445,70.699609],[24.07832,70.650586],[24.017578,70.567383]]],[[[13.872852,68.265332],[13.932324,68.248242],[14.087695,68.253223],[14.118848,68.246826],[14.096777,68.218604],[14.029297,68.187549],[13.887695,68.168506],[13.824023,68.121094],[13.778418,68.10498],[13.656152,68.104785],[13.583984,68.093848],[13.495215,68.05166],[13.424219,68.082764],[13.404395,68.060693],[13.391504,68.02124],[13.352051,68.009668],[13.229395,67.995361],[13.199512,68.087256],[13.255957,68.120605],[13.300195,68.160449],[13.367969,68.166553],[13.428711,68.163232],[13.537988,68.249023],[13.687695,68.273389],[13.784082,68.276123],[13.872852,68.265332]]],[[[12.971777,67.874121],[12.824023,67.82124],[12.87793,67.917773],[12.957715,68.015479],[13.068066,68.071338],[13.122852,68.049414],[13.097754,68.002686],[13.098242,67.956445],[13.074609,67.93457],[12.971777,67.874121]]],[[[15.207129,68.943115],[15.337207,68.842432],[15.396582,68.783594],[15.348438,68.672412],[15.22207,68.616309],[15.027051,68.606348],[14.890234,68.610986],[14.804004,68.637988],[14.793262,68.668262],[14.743457,68.677197],[14.612109,68.63833],[14.520801,68.633057],[14.404688,68.663232],[14.373438,68.711426],[14.49668,68.771875],[14.553711,68.818848],[14.69043,68.814697],[14.724609,68.800098],[14.801855,68.790967],[14.848828,68.847559],[14.837988,68.88667],[14.872363,68.913867],[15.0375,68.894287],[15.037793,69.000537],[15.101855,69.008008],[15.128125,69.003955],[15.175586,68.981543],[15.207129,68.943115]]],[[[19.76748,70.216699],[19.818359,70.20498],[19.868652,70.212256],[19.910449,70.201904],[19.994141,70.149268],[20.084277,70.128564],[20.088477,70.102051],[20.005957,70.076221],[19.897266,70.068457],[19.780859,70.077441],[19.74668,70.110498],[19.71084,70.165332],[19.613477,70.219092],[19.599023,70.266162],[19.683789,70.273584],[19.76748,70.216699]]],[[[20.779199,70.089746],[20.725293,70.066504],[20.642578,70.057031],[20.598047,70.071436],[20.534668,70.080908],[20.464258,70.076562],[20.405078,70.119141],[20.411719,70.154883],[20.492773,70.20332],[20.654883,70.230859],[20.786035,70.219531],[20.819434,70.205469],[20.779199,70.089746]]],[[[19.255078,70.066406],[19.34375,70.011963],[19.422266,70.017188],[19.445898,70.037744],[19.499512,70.0479],[19.607813,70.019141],[19.592285,69.970166],[19.442383,69.908398],[19.334766,69.820264],[19.19707,69.799805],[19.130859,69.810449],[19.007812,69.75957],[18.90918,69.706689],[18.806934,69.639844],[18.800684,69.605371],[18.784766,69.579004],[18.410254,69.552832],[18.274121,69.535498],[18.129883,69.557861],[18.061523,69.6021],[18.083496,69.626123],[18.227441,69.635742],[18.232031,69.676758],[18.268457,69.701807],[18.315039,69.715479],[18.349316,69.767871],[18.40625,69.781543],[18.512402,69.768652],[18.583984,69.806592],[18.624316,69.813037],[18.674023,69.781641],[18.697949,69.824854],[18.674023,69.864307],[18.686523,69.890918],[18.823828,69.960107],[18.883203,70.010547],[18.968652,70.043018],[19.050977,70.037842],[19.074902,70.085693],[19.050977,70.134668],[19.060059,70.166602],[19.132715,70.244141],[19.212695,70.247461],[19.249414,70.178564],[19.255078,70.066406]]],[[[12.50957,65.901953],[12.429492,65.899072],[12.430176,65.939941],[12.476074,65.9771],[12.548828,66.001904],[12.642383,66.008545],[12.74707,66.011377],[12.778809,65.991699],[12.718652,65.963867],[12.50957,65.901953]]],[[[12.419922,66.043262],[12.327344,66.036621],[12.342773,66.080762],[12.417676,66.122656],[12.446387,66.151318],[12.461328,66.18501],[12.527441,66.210547],[12.620801,66.17793],[12.622656,66.122461],[12.576367,66.071924],[12.419922,66.043262]]],[[[11.231445,64.865869],[11.179004,64.838037],[11.0625,64.8604],[10.83252,64.843115],[10.739844,64.870312],[10.813477,64.923242],[11.020996,64.978711],[11.132617,64.976172],[11.246191,64.90791],[11.231445,64.865869]]],[[[17.503027,69.59624],[17.623242,69.539062],[17.677344,69.556543],[17.783691,69.563037],[17.862793,69.542969],[17.927441,69.506641],[18.004102,69.50498],[18.052246,69.45752],[18.076758,69.395752],[18.021094,69.349609],[17.94209,69.328711],[17.920703,69.274316],[17.950684,69.198145],[17.773535,69.172021],[17.568164,69.1604],[17.487891,69.196826],[17.323633,69.130029],[17.160938,69.025928],[17.08252,69.013672],[17.077051,69.046631],[16.960156,69.069385],[16.810449,69.070703],[16.81543,69.095117],[16.842578,69.112354],[16.971777,69.137891],[16.997559,69.190625],[16.974121,69.284717],[16.996875,69.330371],[17.001758,69.361914],[17.083008,69.398828],[17.36084,69.381494],[17.394531,69.416699],[17.373438,69.438867],[17.229883,69.477686],[17.251953,69.503809],[17.355566,69.527148],[17.453613,69.530176],[17.483105,69.569678],[17.488184,69.586865],[17.503027,69.59624]]],[[[15.760352,68.56123],[15.772363,68.554199],[15.908594,68.650488],[16.05957,68.680518],[16.068945,68.714014],[16.127441,68.746436],[16.120801,68.799365],[16.150586,68.842383],[16.227539,68.85376],[16.275586,68.868311],[16.328906,68.876318],[16.425195,68.841553],[16.479688,68.80293],[16.547363,68.716553],[16.519238,68.633008],[16.337988,68.567871],[16.193945,68.538477],[16.048438,68.463672],[15.975293,68.40249],[15.9125,68.389258],[15.872754,68.394238],[15.837402,68.409033],[15.763672,68.409082],[15.68252,68.356006],[15.4375,68.312842],[15.341406,68.325293],[15.337012,68.378223],[15.279688,68.373828],[15.187891,68.3104],[15.098047,68.289209],[15.037695,68.282715],[14.926855,68.306592],[14.628906,68.198486],[14.349512,68.178271],[14.25752,68.190771],[14.257227,68.256934],[14.437793,68.341553],[14.58584,68.400342],[15.095313,68.441406],[15.412598,68.61582],[15.489258,68.805322],[15.564258,68.87373],[15.529004,68.912402],[15.443652,68.919189],[15.438477,68.978564],[15.483008,69.043457],[15.649512,69.132568],[15.741992,69.170508],[15.892676,69.277881],[15.965332,69.302051],[16.048047,69.302051],[16.129492,69.273926],[16.114844,69.216406],[15.992676,69.112646],[15.811719,69.024219],[15.833789,68.960742],[15.905859,68.908496],[15.923535,68.819189],[15.92793,68.733203],[15.790723,68.617041],[15.760352,68.56123]]],[[[-8.953564,70.83916],[-9.045801,70.832666],[-9.098877,70.854883],[-8.964648,70.915918],[-8.520801,71.030664],[-8.343701,71.140137],[-8.001367,71.177686],[-7.978809,71.116895],[-8.0021,71.04126],[-8.302344,70.981152],[-8.635352,70.94043],[-8.953564,70.83916]]],[[[19.219336,74.391016],[19.098535,74.352148],[18.917578,74.410645],[18.797461,74.485693],[18.86123,74.51416],[19.18291,74.51792],[19.261523,74.478955],[19.274707,74.456738],[19.219336,74.391016]]],[[[26.875977,78.648926],[26.729492,78.646484],[26.45957,78.720264],[26.407715,78.784326],[26.455762,78.810498],[26.585938,78.811475],[26.78877,78.723975],[27.007617,78.69751],[26.875977,78.648926]]],[[[32.525977,80.119141],[31.577637,80.081445],[31.481934,80.10791],[33.019141,80.217969],[33.098633,80.228711],[33.383984,80.242334],[33.629297,80.217432],[33.556641,80.198145],[32.525977,80.119141]]],[[[21.608105,78.595703],[21.745605,78.572021],[22.043164,78.576953],[22.207324,78.407666],[22.299512,78.228174],[22.449316,78.215234],[22.73457,78.239941],[22.988867,78.251953],[23.119238,78.238623],[23.35166,78.186279],[23.451953,78.149463],[23.364648,78.120508],[23.151953,78.088086],[23.116699,77.991504],[23.330566,77.957861],[23.683984,77.875439],[23.883008,77.864746],[24.238281,77.898535],[24.571484,77.834424],[24.901855,77.756592],[24.129785,77.658252],[24.061914,77.630615],[23.95498,77.557715],[23.841211,77.497754],[23.736133,77.462354],[23.505176,77.401416],[23.380859,77.380322],[23.101367,77.385059],[22.99668,77.360791],[22.899512,77.311377],[22.801758,77.275781],[22.553711,77.26665],[22.426953,77.315918],[22.468848,77.331104],[22.486621,77.360107],[22.44248,77.429346],[22.678906,77.500146],[22.732617,77.539355],[22.685352,77.553516],[22.620313,77.549609],[22.448242,77.571143],[22.397266,77.570117],[22.25459,77.528857],[22.056836,77.501172],[21.856152,77.494141],[21.049902,77.440967],[20.928125,77.459668],[20.873145,77.565332],[21.201074,77.619482],[21.251465,77.710938],[21.33418,77.771777],[21.430859,77.812109],[21.608398,77.916064],[21.653125,77.923535],[21.210449,78.005762],[21.035449,78.05918],[20.844922,78.165869],[20.786426,78.252148],[20.52832,78.325586],[20.560254,78.419385],[20.372754,78.412012],[20.22793,78.477832],[20.362695,78.514795],[21.046875,78.556738],[21.454785,78.597559],[21.608105,78.595703]]],[[[20.897852,80.249951],[20.998438,80.238818],[21.549219,80.24292],[21.654883,80.218457],[21.69668,80.15918],[21.780664,80.13877],[21.897754,80.132471],[22.190234,80.059717],[22.289746,80.049219],[22.376367,80.089648],[22.442676,80.190283],[22.446191,80.30835],[22.417871,80.365527],[22.450781,80.402246],[22.548828,80.416455],[22.67207,80.412646],[22.792578,80.433008],[22.896875,80.468994],[23.008008,80.473975],[23.251367,80.44668],[23.31543,80.425244],[23.250098,80.380859],[23.224609,80.317627],[23.114551,80.186963],[23.35332,80.178857],[23.687988,80.206543],[23.772949,80.244385],[23.95293,80.30459],[24.142969,80.295166],[24.234082,80.303125],[24.280176,80.329297],[24.297559,80.3604],[24.402637,80.355176],[24.54668,80.295166],[24.613672,80.28584],[24.736328,80.301318],[24.785938,80.300684],[24.907031,80.27666],[25.471289,80.233105],[25.666895,80.209766],[25.751172,80.188037],[25.836328,80.175146],[26.436719,80.175488],[26.86084,80.16001],[27.017188,80.125488],[27.14834,80.059229],[27.198633,79.906592],[27.079883,79.865381],[26.221094,79.677441],[26.005859,79.617041],[25.902051,79.561377],[25.726367,79.439746],[25.641211,79.403027],[25.239063,79.345068],[25.145117,79.338867],[24.842871,79.367236],[24.750586,79.3646],[24.383398,79.301611],[24.256836,79.263477],[24.13291,79.215479],[23.947754,79.194287],[23.758789,79.205615],[22.903711,79.230664],[22.78916,79.264355],[22.695703,79.329053],[22.865527,79.411865],[21.911426,79.381055],[20.861133,79.397852],[20.805566,79.409521],[20.76084,79.441504],[20.399512,79.463379],[20.128223,79.4896],[19.900195,79.533789],[19.674609,79.591162],[19.74668,79.617969],[19.821094,79.633643],[20.014844,79.640234],[20.187109,79.632275],[20.493457,79.632764],[20.564844,79.690527],[20.686816,79.707178],[20.784082,79.748584],[20.460742,79.774658],[20.123438,79.778564],[19.898633,79.744189],[19.638086,79.728613],[19.4,79.726562],[18.94209,79.736328],[18.725,79.760742],[18.428027,79.824512],[18.324707,79.859717],[18.284766,79.887354],[18.255371,79.929199],[18.594629,79.966699],[18.726465,79.99624],[18.855957,80.036621],[18.343848,80.05957],[18.129492,80.093408],[17.916895,80.143115],[18.089453,80.171143],[18.779297,80.193506],[18.961914,80.174805],[19.142969,80.138672],[19.343359,80.116406],[19.537109,80.163232],[19.354688,80.1854],[19.191406,80.263232],[19.156934,80.301855],[19.17832,80.331543],[19.26377,80.335986],[19.327441,80.323096],[19.568457,80.25],[19.751074,80.227197],[19.802246,80.294727],[19.810352,80.326807],[19.777148,80.353369],[19.691309,80.402344],[19.614355,80.462549],[19.733301,80.477832],[19.851172,80.471191],[20.104297,80.42998],[20.359375,80.400928],[20.475879,80.371631],[20.693457,80.298682],[20.897852,80.249951]]],[[[16.786719,79.906738],[16.838477,79.904785],[16.888965,79.91543],[16.925586,79.943457],[16.966406,79.958936],[17.219434,79.940771],[17.578223,79.884668],[17.684766,79.857031],[17.83457,79.800049],[17.956152,79.704248],[17.859766,79.63501],[17.732617,79.569531],[17.6875,79.53335],[17.733984,79.481348],[17.715039,79.430762],[17.66875,79.385937],[17.861035,79.437061],[18.27207,79.600586],[18.333301,79.610693],[18.397363,79.605176],[18.581445,79.571582],[18.748438,79.488184],[18.785254,79.460596],[18.815234,79.42666],[18.832422,79.384766],[18.822949,79.33667],[18.807422,79.303174],[18.72002,79.281494],[18.677832,79.261719],[18.772266,79.260254],[18.880078,79.234277],[18.979004,79.17915],[19.089453,79.157031],[19.490234,79.175684],[19.750879,79.146826],[19.893555,79.056201],[20.11377,79.076709],[20.114453,79.125],[20.162695,79.145654],[20.458203,79.129248],[20.611035,79.106641],[20.767188,79.059131],[20.500684,78.981396],[20.720313,78.906689],[21.089648,78.852637],[21.312207,78.79585],[21.352539,78.772021],[21.38877,78.74043],[21.243945,78.699414],[21.096289,78.67627],[20.724805,78.672314],[20.387012,78.643262],[19.76875,78.622705],[19.676758,78.60957],[19.65498,78.597852],[19.618555,78.562158],[19.380664,78.479785],[19.150488,78.379395],[19.055664,78.318945],[18.983789,78.234229],[18.957617,78.182471],[19.008691,78.132275],[18.995117,78.081494],[18.82207,78.041699],[18.712305,78.040088],[18.574609,78.047998],[18.439258,78.025049],[18.430664,77.990576],[18.438672,77.942041],[18.404004,77.793945],[18.361914,77.682275],[18.29873,77.578564],[18.22793,77.522607],[18.137402,77.507031],[17.84707,77.496777],[17.62334,77.399365],[17.44248,77.225244],[17.348633,77.156885],[17.152539,77.048926],[17.187891,77.010645],[17.249023,76.969189],[17.141992,76.894922],[16.97666,76.811621],[16.979883,76.779395],[17.035547,76.720361],[17.062695,76.658984],[16.935156,76.606152],[16.700488,76.579297],[16.461914,76.609326],[16.345801,76.644775],[16.238086,76.701514],[16.123828,76.738525],[16.004492,76.760742],[15.546777,76.886426],[15.124219,77.085107],[14.738477,77.162354],[14.486914,77.199023],[14.36582,77.234473],[14.247559,77.282129],[14.145313,77.335596],[14.050391,77.403223],[14.004199,77.445215],[13.995703,77.508203],[14.026074,77.545166],[14.071289,77.564111],[14.377637,77.579639],[14.487793,77.57085],[14.596289,77.537939],[14.69502,77.525049],[14.920801,77.688818],[16.205957,77.782471],[16.619141,77.798682],[17.033301,77.797705],[16.96875,77.841943],[16.914062,77.897998],[16.85293,77.911572],[16.539648,77.880225],[16.060059,77.847119],[15.826367,77.84707],[15.585352,77.869141],[15.344824,77.856982],[15.096875,77.809033],[14.846875,77.778662],[14.603906,77.766455],[14.089941,77.771387],[13.9625,77.79624],[13.791113,77.853809],[13.749609,77.883301],[13.71416,77.919434],[13.680566,78.028125],[13.717676,78.057617],[13.770117,78.074609],[13.824023,78.08501],[13.936914,78.085547],[14.047754,78.066846],[14.307227,78.005078],[14.248145,78.071387],[14.994727,78.151221],[15.341406,78.220947],[15.519434,78.232715],[15.698047,78.227588],[15.658691,78.264697],[15.657129,78.299023],[15.783887,78.327051],[15.875391,78.339111],[16.150293,78.352881],[16.776953,78.350439],[17.00293,78.369385],[17.171973,78.417139],[16.991797,78.400488],[16.81123,78.397266],[16.726562,78.407178],[16.535352,78.448877],[16.448633,78.503564],[16.696582,78.612891],[16.782617,78.663623],[16.530469,78.656299],[16.446289,78.638525],[16.15752,78.538135],[15.944043,78.493018],[15.680664,78.471338],[15.417383,78.473242],[15.359961,78.487549],[15.279395,78.554102],[15.254199,78.589062],[15.264941,78.608301],[15.34834,78.663135],[15.391602,78.721191],[15.38418,78.771191],[15.322754,78.781201],[15.225293,78.732324],[15.137305,78.664258],[15.016309,78.630127],[14.891797,78.639453],[14.838672,78.665576],[14.792383,78.705566],[14.743555,78.720947],[14.689258,78.720947],[14.577637,78.70498],[14.467188,78.675391],[14.505273,78.630518],[14.51543,78.580566],[14.467773,78.540918],[14.431836,78.49248],[14.545605,78.461963],[14.638281,78.4146],[14.499512,78.392383],[14.363281,78.359912],[14.238281,78.309863],[14.110449,78.270898],[13.907617,78.266748],[13.65498,78.245166],[13.150195,78.2375],[12.912793,78.301074],[12.869531,78.33125],[12.822168,78.351465],[12.664648,78.384766],[12.434766,78.482959],[12.25791,78.594678],[12.138281,78.605518],[11.961719,78.642383],[11.865527,78.674219],[11.773828,78.716406],[11.746289,78.76626],[11.755176,78.81167],[11.861035,78.831885],[11.611035,78.882959],[11.36543,78.950391],[11.456152,78.972998],[11.547559,78.982959],[12.274902,78.904492],[12.323438,78.914258],[12.40332,78.953223],[12.375,78.966357],[12.253125,78.975342],[12.087305,78.975098],[12.045801,78.983154],[11.981836,79.025293],[11.925684,79.077246],[11.901953,79.111865],[11.892773,79.152344],[12.016113,79.213086],[12.083984,79.267529],[11.97832,79.292676],[11.679297,79.291162],[11.579785,79.283496],[11.616406,79.205273],[11.521191,79.15127],[11.338867,79.109131],[11.208105,79.129639],[11.107227,79.232959],[10.975391,79.304883],[10.925781,79.350195],[10.888086,79.41543],[10.834375,79.462842],[10.737598,79.520166],[10.725,79.555518],[10.737012,79.581641],[10.810742,79.640918],[10.75459,79.690332],[10.68623,79.733594],[10.682129,79.758252],[10.746387,79.788672],[10.804004,79.798779],[10.865918,79.796582],[11.049609,79.760303],[11.150391,79.716992],[11.185254,79.720459],[11.250586,79.784863],[11.343652,79.799414],[11.702344,79.820605],[12.101758,79.737549],[12.205176,79.719092],[12.287793,79.713135],[12.245215,79.75],[12.219141,79.7979],[12.27998,79.815967],[12.602441,79.773242],[12.753516,79.775781],[13.10752,79.831738],[13.692871,79.860986],[13.91416,79.816943],[13.925684,79.793408],[13.921094,79.761719],[13.907031,79.752197],[13.777539,79.715283],[13.039258,79.685156],[12.555371,79.569482],[13.215137,79.588086],[13.333789,79.574805],[13.383594,79.480762],[13.431641,79.470898],[13.60127,79.457227],[13.716211,79.42915],[13.833691,79.375684],[13.957227,79.339648],[14.02959,79.344141],[14.055859,79.383105],[14.026367,79.429297],[14.011133,79.481934],[14.019824,79.538672],[14.039844,79.585645],[14.178418,79.618701],[14.379785,79.725977],[14.593652,79.79873],[14.831836,79.766406],[15.052344,79.675342],[15.25127,79.545459],[15.443945,79.406787],[15.660156,79.234863],[15.764063,79.174268],[15.858496,79.159912],[16.294531,78.981055],[16.34375,78.976123],[16.253516,79.112109],[16.027539,79.342383],[15.875098,79.519238],[15.840723,79.586865],[15.816113,79.681836],[15.825781,79.709033],[15.845117,79.733594],[15.955762,79.835107],[16.100195,79.884424],[16.056641,79.953955],[16.093848,80.007324],[16.245703,80.049463],[16.386621,80.052588],[16.524023,80.020508],[16.786719,79.906738]]],[[[11.250293,78.610693],[11.261719,78.541699],[11.424219,78.548584],[11.616309,78.475098],[11.825684,78.436084],[11.884863,78.409326],[11.929395,78.374902],[12.056152,78.305615],[12.116406,78.232568],[11.965039,78.224854],[11.756543,78.329004],[11.586523,78.388232],[11.372461,78.43877],[11.199219,78.44126],[11.121289,78.463281],[10.840625,78.644727],[10.788867,78.686523],[10.628418,78.753857],[10.557617,78.8375],[10.558203,78.90293],[10.772852,78.8875],[10.96084,78.846387],[11.123926,78.753369],[11.15293,78.724463],[11.078223,78.686035],[11.15498,78.640576],[11.250293,78.610693]]],[[[18.741602,80.300928],[18.525,80.245605],[18.162207,80.288184],[18.205566,80.331787],[18.291699,80.35835],[18.519336,80.34834],[18.741602,80.300928]]],[[[29.04707,78.912061],[29.34541,78.905762],[29.645117,78.921631],[29.69668,78.904736],[29.310547,78.8521],[28.881152,78.880078],[28.494531,78.887207],[28.037891,78.828711],[27.889063,78.852148],[28.120996,78.908447],[28.374023,78.927051],[28.414746,78.961426],[28.511133,78.967334],[28.845215,78.97085],[29.04707,78.912061]]]]}},{"type":"Feature","properties":{"name":"Netherlands","role_pre":"consumer","role_post":"diversified","label":"NETHERLANDS"},"geometry":{"type":"MultiPolygon","coordinates":[[[[5.993945,50.750439],[5.892461,50.752557],[5.797363,50.754541],[5.74707,50.75957],[5.693652,50.774658],[5.693555,50.774756],[5.669141,50.805957],[5.639453,50.843604],[5.647559,50.86665],[5.736621,50.932129],[5.75,50.950244],[5.74082,50.959912],[5.749805,50.98877],[5.818262,51.086426],[5.827148,51.125635],[5.796484,51.153076],[5.752344,51.169482],[5.608789,51.198437],[5.54043,51.239307],[5.508789,51.275],[5.476855,51.285059],[5.429785,51.272998],[5.31084,51.259717],[5.21416,51.278955],[5.099902,51.346484],[5.073438,51.406836],[5.059473,51.453125],[5.030957,51.469092],[4.992578,51.445361],[4.943945,51.407764],[4.848047,51.403271],[4.820703,51.412061],[4.816016,51.432812],[4.810547,51.452734],[4.78418,51.477393],[4.755664,51.491113],[4.633984,51.421729],[4.58877,51.421924],[4.531641,51.448584],[4.503418,51.474707],[4.440918,51.459814],[4.384766,51.427588],[4.404004,51.36709],[4.37373,51.356006],[4.304492,51.361523],[4.226172,51.386475],[4.138867,51.401514],[4.006543,51.443213],[3.821875,51.409375],[3.693555,51.449902],[3.586914,51.453906],[3.520508,51.486182],[3.448926,51.540771],[3.499609,51.57666],[3.548633,51.589111],[3.743945,51.596045],[3.886035,51.574219],[4.141309,51.455762],[4.205762,51.456689],[4.274121,51.471631],[4.239355,51.503906],[4.175488,51.519287],[4.080469,51.551123],[4.004785,51.59585],[4.182617,51.610303],[4.158008,51.633447],[4.13457,51.6729],[3.946875,51.810547],[3.978906,51.847803],[4.026074,51.927734],[4.084863,51.994092],[4.131738,52.011914],[4.208789,52.058984],[4.37627,52.196826],[4.482813,52.30918],[4.562109,52.442578],[4.67832,52.809766],[4.712695,52.872119],[4.76875,52.941309],[4.839063,52.928271],[4.887988,52.90835],[5.06123,52.960645],[5.358398,53.096484],[5.445996,53.214062],[5.532031,53.268701],[5.873535,53.375195],[6.062207,53.40708],[6.353223,53.415283],[6.563574,53.434277],[6.816211,53.441162],[6.912402,53.375391],[6.968164,53.327295],[7.058008,53.300586],[7.197266,53.282275],[7.188965,53.187207],[7.189941,52.999512],[7.179492,52.966211],[7.11709,52.887012],[7.050879,52.744775],[7.033008,52.651367],[7.013184,52.633545],[6.748438,52.634082],[6.710742,52.617871],[6.705371,52.597656],[6.71875,52.573584],[6.712402,52.549658],[6.691602,52.530176],[6.70293,52.499219],[6.748828,52.464014],[6.83252,52.442285],[6.92207,52.440283],[6.968164,52.444092],[7.001855,52.418994],[7.035156,52.380225],[7.032617,52.331494],[7.019629,52.266016],[6.977246,52.205518],[6.855078,52.135791],[6.800391,52.11123],[6.749023,52.098682],[6.724512,52.080225],[6.712988,52.056885],[6.715625,52.036182],[6.802441,51.980176],[6.800391,51.967383],[6.775195,51.938281],[6.741797,51.910889],[6.517578,51.853955],[6.425,51.858398],[6.372168,51.830029],[6.355664,51.824658],[6.29707,51.850732],[6.166504,51.880762],[6.117188,51.87041],[6.089844,51.853955],[6.007617,51.833984],[5.94873,51.802686],[5.948535,51.762402],[6.052734,51.658252],[6.089355,51.637793],[6.091113,51.598926],[6.141602,51.550098],[6.193262,51.488916],[6.198828,51.45],[6.192871,51.410596],[6.166211,51.354834],[6.075879,51.224121],[6.074805,51.199023],[6.082422,51.17998],[6.113379,51.174707],[6.136914,51.164844],[6.12998,51.147412],[5.961035,51.056689],[5.939258,51.04082],[5.868359,51.045312],[5.85752,51.030127],[5.867188,51.005664],[5.894727,50.984229],[5.955078,50.972949],[6.006836,50.949951],[6.048438,50.904883],[5.993945,50.750439]]],[[[4.226172,51.386475],[4.211426,51.34873],[4.172559,51.30708],[4.040039,51.24707],[3.902051,51.207666],[3.830762,51.212598],[3.781934,51.233203],[3.755664,51.254834],[3.681836,51.275684],[3.580273,51.286182],[3.51709,51.263623],[3.471973,51.242236],[3.43252,51.245752],[3.402832,51.263623],[3.380078,51.291113],[3.350098,51.377686],[3.425781,51.393506],[3.589453,51.399414],[3.716504,51.369141],[3.883398,51.354492],[4.011035,51.395947],[4.111523,51.360645],[4.226172,51.386475]]],[[[6.333398,53.510742],[6.193262,53.476807],[6.159277,53.483936],[6.167676,53.49375],[6.290918,53.51499],[6.333398,53.510742]]],[[[5.929297,53.458838],[5.732031,53.442627],[5.665332,53.454883],[5.654297,53.466504],[5.708105,53.473389],[5.87627,53.475098],[5.928223,53.46499],[5.929297,53.458838]]],[[[5.108594,53.308008],[4.92373,53.23457],[4.90791,53.24624],[5.027051,53.310205],[5.108594,53.308008]]],[[[5.325781,53.385742],[5.232617,53.377783],[5.190234,53.391797],[5.415137,53.431445],[5.557422,53.443555],[5.582617,53.438086],[5.325781,53.385742]]],[[[4.886133,53.070703],[4.787109,52.999805],[4.726758,53.019629],[4.70918,53.036035],[4.739844,53.091309],[4.886426,53.183301],[4.886133,53.070703]]],[[[3.949121,51.739453],[4.046777,51.684912],[4.067578,51.66748],[4.075098,51.648779],[3.950977,51.627051],[3.819043,51.693994],[3.731836,51.678223],[3.699023,51.709912],[3.698535,51.729687],[3.789062,51.746436],[3.949121,51.739453]]],[[[6.734766,53.58252],[6.64209,53.579199],[6.668555,53.605664],[6.75459,53.625488],[6.800879,53.625488],[6.734766,53.58252]]],[[[-68.205811,12.14458],[-68.254346,12.03208],[-68.282227,12.082275],[-68.287256,12.171729],[-68.307129,12.206738],[-68.348437,12.228076],[-68.371094,12.25752],[-68.369238,12.301953],[-68.219482,12.23125],[-68.205811,12.14458]]],[[[-62.9375,17.495654],[-62.961719,17.475049],[-62.983105,17.476904],[-62.997168,17.496826],[-62.999609,17.530371],[-62.979346,17.521191],[-62.971777,17.516064],[-62.96543,17.509277],[-62.9375,17.495654]]],[[[-63.232666,17.623145],[-63.241602,17.61958],[-63.254492,17.628662],[-63.252148,17.645264],[-63.24165,17.651807],[-63.233496,17.647217],[-63.226904,17.634131],[-63.232666,17.623145]]]]}},{"type":"Feature","properties":{"name":"Italy","role_pre":"consumer","role_post":"diversified","label":"ITALY"},"geometry":{"type":"MultiPolygon","coordinates":[[[[7.021094,45.925781],[7.055762,45.903809],[7.129004,45.88042],[7.32793,45.912354],[7.451563,45.944434],[7.538574,45.978174],[7.592578,45.972217],[7.787891,45.921826],[7.852344,45.947461],[7.993164,46.015918],[8.014258,46.051904],[8.125195,46.160937],[8.127246,46.187598],[8.081543,46.256006],[8.095703,46.271045],[8.231934,46.341211],[8.298535,46.403418],[8.370703,46.445117],[8.422559,46.446045],[8.436816,46.431885],[8.442969,46.402783],[8.438477,46.282861],[8.458398,46.245898],[8.56543,46.159814],[8.641699,46.110791],[8.818555,46.077148],[8.826758,46.061035],[8.778027,45.996191],[8.885156,45.918701],[8.904297,45.861963],[8.953711,45.830029],[9.02373,45.845703],[9.04668,45.875586],[9.019141,45.928125],[8.998926,45.983105],[9.003027,46.014893],[9.022363,46.051465],[9.070996,46.102441],[9.203418,46.219238],[9.251074,46.286768],[9.259766,46.39126],[9.260156,46.475195],[9.304395,46.495557],[9.399316,46.480664],[9.427637,46.482324],[9.440625,46.430811],[9.481055,46.348779],[9.528711,46.306201],[9.57959,46.296094],[9.639453,46.295898],[9.787793,46.346045],[9.884473,46.367773],[9.939258,46.361816],[9.97168,46.327686],[10.041016,46.238086],[10.080566,46.227979],[10.12832,46.238232],[10.145215,46.253516],[10.129883,46.287988],[10.109668,46.362842],[10.081934,46.420752],[10.045605,46.4479],[10.038281,46.483203],[10.06123,46.546777],[10.087012,46.599902],[10.1375,46.614355],[10.195508,46.621094],[10.272266,46.564844],[10.363086,46.54707],[10.430664,46.550049],[10.44248,46.582861],[10.438281,46.618848],[10.397949,46.665039],[10.406055,46.734863],[10.452832,46.864941],[10.479395,46.855127],[10.579785,46.853711],[10.689258,46.846387],[10.759766,46.793311],[10.828906,46.775244],[10.927344,46.769482],[10.993262,46.777002],[11.025098,46.796973],[11.063477,46.859131],[11.133887,46.936182],[11.244434,46.975684],[11.433203,46.983057],[11.527539,46.997412],[11.625488,46.996582],[11.699414,46.984668],[11.775684,46.986084],[11.969531,47.039697],[12.169434,47.082129],[12.197168,47.075],[12.20127,47.060889],[12.165527,47.028174],[12.130762,46.984766],[12.154102,46.935254],[12.267969,46.835889],[12.330078,46.759814],[12.388281,46.702637],[12.479199,46.67251],[12.598633,46.654102],[12.699805,46.647461],[12.805566,46.625879],[13.16875,46.572656],[13.351562,46.55791],[13.490039,46.555566],[13.7,46.520264],[13.679688,46.462891],[13.637109,46.448535],[13.563281,46.415088],[13.478516,46.369189],[13.399512,46.317529],[13.378223,46.261621],[13.399609,46.224951],[13.420996,46.212305],[13.449805,46.223535],[13.491797,46.216602],[13.544727,46.196582],[13.63252,46.177051],[13.634961,46.157764],[13.616602,46.133105],[13.548047,46.089111],[13.486426,46.039551],[13.480273,46.009229],[13.487695,45.987109],[13.50918,45.973779],[13.600586,45.979785],[13.613965,45.96167],[13.569629,45.834131],[13.583398,45.812354],[13.663477,45.791992],[13.72168,45.761279],[13.831152,45.68042],[13.874707,45.614844],[13.844727,45.592871],[13.775977,45.581982],[13.719824,45.587598],[13.783301,45.627246],[13.62832,45.770947],[13.558203,45.770703],[13.465137,45.709961],[13.206348,45.771387],[13.156738,45.746582],[13.120117,45.6979],[13.030273,45.6375],[12.903027,45.610791],[12.76123,45.544287],[12.611719,45.497217],[12.497559,45.46167],[12.432129,45.46792],[12.536133,45.544922],[12.491797,45.546289],[12.353809,45.491992],[12.274316,45.446045],[12.248828,45.368848],[12.225684,45.241504],[12.286328,45.207715],[12.39248,45.039795],[12.523438,44.967969],[12.497949,44.899414],[12.463574,44.845215],[12.384473,44.79834],[12.319043,44.833105],[12.278906,44.832227],[12.24834,44.72251],[12.30498,44.429443],[12.396289,44.223877],[12.486816,44.134229],[12.691113,43.994727],[12.907031,43.921191],[13.295313,43.686084],[13.508203,43.61167],[13.56416,43.571289],[13.693262,43.389893],[13.804688,43.180371],[13.924902,42.851562],[14.010449,42.689551],[14.182715,42.506445],[14.540723,42.244287],[14.866113,42.052539],[15.16875,41.934033],[15.40498,41.913232],[15.964063,41.939453],[16.061523,41.928125],[16.164648,41.896191],[16.18916,41.814014],[16.15127,41.758496],[16.033691,41.700781],[15.91377,41.62085],[15.900488,41.512061],[16.012598,41.4354],[16.551855,41.232031],[17.103418,41.062158],[17.275195,40.975439],[17.474219,40.840576],[17.95498,40.655176],[18.036133,40.564941],[18.328223,40.37085],[18.460645,40.221045],[18.48584,40.104834],[18.422559,39.986865],[18.393457,39.903613],[18.34375,39.821387],[18.219336,39.852539],[18.07793,39.936963],[17.865039,40.280176],[17.476172,40.314941],[17.395801,40.340234],[17.257715,40.399072],[17.249414,40.437891],[17.215332,40.486426],[17.17998,40.502783],[17.03125,40.513477],[16.928223,40.458057],[16.807031,40.326465],[16.669629,40.137207],[16.52998,39.859668],[16.521875,39.747559],[16.597754,39.638916],[16.824316,39.57832],[16.999219,39.481592],[17.114551,39.380615],[17.122949,39.136572],[17.174609,38.998096],[17.098535,38.919336],[16.951465,38.939795],[16.755469,38.889697],[16.616699,38.800146],[16.558984,38.714795],[16.574219,38.493555],[16.545605,38.409082],[16.282422,38.249561],[16.144141,38.086377],[16.109766,38.018652],[16.056836,37.941846],[15.724512,37.939111],[15.645801,38.034229],[15.643066,38.175391],[15.700195,38.262305],[15.822363,38.302979],[15.904785,38.483496],[15.878906,38.613916],[15.926953,38.671729],[15.972363,38.712598],[16.065527,38.736426],[16.196777,38.759229],[16.209961,38.941113],[16.107422,39.023828],[16.071484,39.139453],[16.023633,39.353613],[15.854395,39.626514],[15.763672,39.870068],[15.692773,39.990186],[15.585156,40.052832],[15.390918,40.052148],[15.294531,40.07002],[14.950879,40.239014],[14.926953,40.264746],[14.929102,40.30957],[14.986133,40.37749],[14.947656,40.469336],[14.906934,40.556055],[14.839551,40.62998],[14.765723,40.668408],[14.61123,40.644775],[14.556934,40.626416],[14.459375,40.632715],[14.382715,40.599854],[14.339941,40.598828],[14.460547,40.728711],[14.428125,40.759326],[14.308887,40.812646],[14.147168,40.820703],[14.102344,40.827148],[14.075879,40.793945],[14.044336,40.812256],[14.047656,40.870312],[13.859766,41.12998],[13.733398,41.235645],[13.669727,41.254492],[13.554785,41.232178],[13.361914,41.278516],[13.246875,41.288867],[13.183398,41.277686],[13.088672,41.243848],[13.041016,41.266211],[13.024219,41.300928],[12.849219,41.40874],[12.630859,41.469678],[12.205664,41.812646],[12.075293,41.940869],[11.807031,42.082031],[11.637305,42.287549],[11.498438,42.362939],[11.296289,42.423291],[11.249707,42.415723],[11.188867,42.393115],[11.141211,42.389893],[11.103223,42.416602],[11.141797,42.444092],[11.184766,42.456592],[11.167773,42.535156],[10.937793,42.738721],[10.803125,42.804297],[10.765137,42.844678],[10.737109,42.899951],[10.708398,42.936328],[10.644629,42.957178],[10.590234,42.953613],[10.514844,42.967529],[10.517285,43.065137],[10.532324,43.140137],[10.520801,43.203809],[10.447559,43.371191],[10.320508,43.513086],[10.245801,43.8521],[10.188086,43.94751],[10.047656,44.019971],[9.730859,44.101172],[9.289355,44.319238],[9.195996,44.322998],[8.930371,44.407764],[8.76582,44.422314],[8.551953,44.346143],[8.292383,44.136523],[8.081641,43.918945],[8.00498,43.876758],[7.733301,43.802588],[7.493164,43.767139],[7.490527,43.822949],[7.482031,43.864893],[7.522656,43.911084],[7.589648,43.96543],[7.651465,44.033643],[7.677148,44.083154],[7.665039,44.116016],[7.637207,44.164844],[7.599414,44.168359],[7.370898,44.127393],[7.318555,44.137988],[7.149414,44.201709],[6.967285,44.280029],[6.900195,44.335742],[6.874805,44.392041],[6.893848,44.428174],[6.878613,44.463281],[6.842969,44.510693],[6.875195,44.564551],[6.931934,44.631641],[6.960352,44.677148],[7.00791,44.688965],[7.030664,44.716699],[6.992676,44.827295],[6.972852,44.84502],[6.939844,44.85874],[6.889355,44.860303],[6.801074,44.883154],[6.738184,44.921387],[6.724707,44.972998],[6.691406,45.022607],[6.634766,45.068164],[6.627734,45.117969],[6.692285,45.144287],[6.780371,45.145312],[6.842285,45.135645],[6.98125,45.215576],[7.032422,45.222607],[7.07832,45.239941],[7.116797,45.349023],[7.146387,45.381738],[7.153418,45.400928],[7.126074,45.423682],[7.013672,45.500488],[6.962402,45.580566],[6.881445,45.670361],[6.80625,45.71001],[6.790918,45.740869],[6.78916,45.780078],[6.804492,45.814551],[6.94082,45.868359],[7.021094,45.925781]],[[12.43916,41.898389],[12.438379,41.906201],[12.430566,41.905469],[12.427539,41.900732],[12.430566,41.897559],[12.43916,41.898389]],[[12.485254,43.901416],[12.514648,43.952979],[12.503711,43.989746],[12.441113,43.982422],[12.396875,43.93457],[12.426367,43.894092],[12.485254,43.901416]]],[[[10.395117,42.858154],[10.42832,42.819189],[10.432227,42.796582],[10.409961,42.770996],[10.419336,42.713184],[10.335645,42.761133],[10.208984,42.736914],[10.13125,42.742041],[10.109766,42.785059],[10.127539,42.810303],[10.248242,42.815771],[10.285742,42.828076],[10.358984,42.822314],[10.395117,42.858154]]],[[[13.938281,40.705615],[13.893652,40.696973],[13.867676,40.70874],[13.853516,40.724072],[13.871191,40.761816],[13.962109,40.739404],[13.96084,40.718164],[13.938281,40.705615]]],[[[12.05127,36.757031],[12.00332,36.745996],[11.940625,36.780371],[11.936426,36.828613],[11.948047,36.843066],[12.024219,36.820947],[12.048047,36.776367],[12.05127,36.757031]]],[[[15.576563,38.220312],[15.508887,38.106641],[15.475684,38.062939],[15.234473,37.784814],[15.206836,37.720557],[15.189844,37.650732],[15.164844,37.589551],[15.131055,37.531885],[15.099512,37.458594],[15.105664,37.375488],[15.116992,37.334717],[15.145996,37.308008],[15.193652,37.282861],[15.230273,37.244336],[15.174121,37.20918],[15.236035,37.138721],[15.288672,37.096924],[15.295703,37.055176],[15.294531,37.013281],[15.185156,36.934814],[15.142383,36.891602],[15.11582,36.839258],[15.104297,36.785254],[15.116309,36.736475],[15.112598,36.687842],[15.002441,36.693896],[14.889648,36.723535],[14.775977,36.7104],[14.614355,36.766602],[14.555469,36.776758],[14.501855,36.798682],[14.367285,36.972852],[14.259082,37.046436],[14.142969,37.103662],[14.024316,37.107129],[13.905469,37.100635],[13.800586,37.135889],[13.587109,37.25415],[13.360938,37.34873],[13.264941,37.410352],[13.221094,37.451807],[13.169922,37.479297],[13.040332,37.506543],[12.924121,37.570508],[12.871191,37.575195],[12.757324,37.567383],[12.699023,37.571826],[12.640234,37.594336],[12.526758,37.669531],[12.454395,37.773779],[12.435547,37.819775],[12.486816,37.938721],[12.547656,38.05293],[12.60166,38.084961],[12.664355,38.10791],[12.702344,38.141699],[12.734375,38.183057],[12.850684,38.063721],[12.902734,38.034863],[12.955469,38.041309],[13.049023,38.084082],[13.056836,38.130908],[13.159961,38.190332],[13.291113,38.191455],[13.35166,38.180518],[13.383496,38.126807],[13.433496,38.110254],[13.491309,38.103125],[13.681543,38.000732],[13.734863,37.984033],[13.788867,37.981201],[13.936621,38.02417],[14.05,38.040527],[14.287695,38.016846],[14.416211,38.042578],[14.505957,38.045508],[14.636719,38.085059],[14.737207,38.150781],[14.789648,38.166992],[14.845898,38.17168],[14.981934,38.167578],[15.11875,38.152734],[15.176074,38.168066],[15.224023,38.211035],[15.27959,38.230371],[15.340723,38.217334],[15.49873,38.290869],[15.568359,38.295898],[15.634668,38.267578],[15.576563,38.220312]]],[[[9.632031,40.882031],[9.682031,40.818115],[9.794336,40.556201],[9.805273,40.499561],[9.782813,40.441504],[9.754199,40.400293],[9.642969,40.268408],[9.659473,40.159229],[9.700781,40.091797],[9.706738,40.017041],[9.686035,39.924365],[9.616992,39.354395],[9.583594,39.253564],[9.5625,39.166016],[9.486328,39.139551],[9.388086,39.167529],[9.26416,39.216797],[9.206934,39.213818],[9.149316,39.196973],[9.101758,39.211279],[9.056348,39.23916],[9.022656,39.043262],[8.966602,38.963721],[8.881348,38.912891],[8.801172,38.909668],[8.718555,38.926709],[8.648535,38.926562],[8.59541,38.964307],[8.55332,39.030322],[8.48623,39.110498],[8.418164,39.205713],[8.410742,39.291797],[8.399121,39.481592],[8.418652,39.523047],[8.44707,39.562793],[8.461035,39.647705],[8.451172,39.72168],[8.471094,39.748096],[8.510742,39.72168],[8.540527,39.731592],[8.538672,39.769678],[8.547754,39.839209],[8.495898,39.897461],[8.407813,39.917236],[8.399316,39.978174],[8.408594,40.037646],[8.455078,40.077588],[8.470801,40.130713],[8.471289,40.292676],[8.40918,40.352344],[8.385352,40.442676],[8.353223,40.500537],[8.295508,40.558643],[8.230273,40.605957],[8.189941,40.651611],[8.180859,40.771045],[8.203809,40.870703],[8.224219,40.91333],[8.245215,40.907031],[8.310156,40.85752],[8.363281,40.846338],[8.468457,40.834326],[8.571875,40.850195],[8.698926,40.895264],[8.821191,40.949902],[8.998145,41.110352],[9.107227,41.14292],[9.163086,41.185156],[9.182129,41.242188],[9.228418,41.25708],[9.283008,41.20166],[9.350781,41.195898],[9.455176,41.150146],[9.500195,41.106348],[9.53877,41.053662],[9.575684,41.030518],[9.615332,41.017285],[9.621191,41.004883],[9.589746,40.99248],[9.553711,40.932129],[9.574023,40.914746],[9.632031,40.882031]]],[[[8.478906,39.067529],[8.421484,38.968652],[8.360938,39.038672],[8.358594,39.098779],[8.366797,39.115918],[8.440625,39.090625],[8.478906,39.067529]]],[[[8.286035,41.039844],[8.252734,40.994141],[8.205664,40.997461],[8.224023,41.031299],[8.267383,41.099121],[8.320215,41.121875],[8.34375,41.101611],[8.318945,41.062744],[8.286035,41.039844]]]]}},{"type":"Feature","properties":{"name":"Hungary","role_pre":"consumer","role_post":"diversified","label":"HUNGARY"},"geometry":{"type":"Polygon","coordinates":[[[22.131836,48.405322],[22.227148,48.413428],[22.231152,48.412158],[22.253711,48.407373],[22.269434,48.360889],[22.272168,48.358008],[22.295117,48.327295],[22.316699,48.286621],[22.350195,48.256055],[22.423828,48.243311],[22.520117,48.205371],[22.582422,48.134033],[22.676367,48.104395],[22.683105,48.103613],[22.701563,48.107031],[22.769141,48.109619],[22.782227,48.095215],[22.83623,48.060303],[22.857227,48.029541],[22.846484,47.99707],[22.856055,47.960303],[22.87666,47.947266],[22.851758,47.922559],[22.676758,47.799023],[22.608398,47.766309],[22.562891,47.75957],[22.491406,47.772559],[22.41748,47.762646],[22.351465,47.73623],[22.290625,47.727832],[22.244629,47.696387],[22.185059,47.629053],[22.111914,47.572021],[22.037988,47.536621],[21.999707,47.505029],[21.995313,47.395703],[21.954297,47.364258],[21.899219,47.332568],[21.869336,47.30459],[21.785449,47.138135],[21.721777,47.084814],[21.661426,47.043896],[21.651465,47.006543],[21.652637,46.96377],[21.58418,46.878369],[21.494434,46.789746],[21.477051,46.753369],[21.49707,46.704297],[21.411035,46.647852],[21.361328,46.620752],[21.320215,46.607812],[21.294531,46.572461],[21.252246,46.486377],[21.263281,46.447754],[21.264551,46.412305],[21.191797,46.391553],[21.17041,46.352686],[21.151953,46.304346],[21.12168,46.282422],[21.039844,46.242236],[20.837012,46.259717],[20.760254,46.24624],[20.737402,46.21748],[20.732715,46.194434],[20.707422,46.172803],[20.661035,46.145654],[20.613672,46.133496],[20.508105,46.166943],[20.280957,46.133008],[20.241797,46.108594],[20.210156,46.126025],[20.161426,46.141895],[19.934082,46.161475],[19.844434,46.145898],[19.724512,46.151904],[19.613477,46.169189],[19.530762,46.155176],[19.45752,46.087354],[19.421289,46.064453],[19.392871,46.049805],[19.330273,46.028516],[19.278125,46.002881],[19.208398,45.984424],[19.146289,45.987012],[19.087305,46.016162],[19.066211,46.009521],[19.047656,45.982666],[19.015723,45.959717],[18.927832,45.931396],[18.905371,45.931738],[18.900293,45.931738],[18.833008,45.91084],[18.721777,45.899365],[18.666016,45.907471],[18.564648,45.813281],[18.533594,45.796143],[18.437305,45.767334],[18.358301,45.753027],[18.290625,45.764453],[18.263965,45.765479],[17.963867,45.770264],[17.807129,45.79043],[17.706445,45.827246],[17.639648,45.868359],[17.607031,45.91377],[17.529199,45.941309],[17.406348,45.951074],[17.310645,45.996143],[17.242188,46.076611],[17.149609,46.140332],[17.032715,46.187305],[16.939941,46.253662],[16.871484,46.339307],[16.748047,46.416406],[16.569922,46.48501],[16.516211,46.499902],[16.505664,46.52207],[16.418457,46.607227],[16.38125,46.638672],[16.38457,46.680811],[16.367188,46.704785],[16.335449,46.721631],[16.318457,46.78252],[16.308496,46.827979],[16.283594,46.857275],[16.093066,46.863281],[16.252539,46.971924],[16.331836,47.002197],[16.423926,46.996973],[16.453418,47.006787],[16.46123,47.022461],[16.476953,47.057861],[16.484766,47.09126],[16.492676,47.122656],[16.482813,47.140381],[16.438379,47.145898],[16.416895,47.223437],[16.439746,47.252734],[16.462598,47.273145],[16.434375,47.367432],[16.442871,47.399512],[16.514746,47.404541],[16.574414,47.424658],[16.623047,47.447559],[16.636621,47.476611],[16.676563,47.536035],[16.639746,47.608887],[16.432129,47.656299],[16.421289,47.674463],[16.469629,47.695068],[16.521094,47.724463],[16.550977,47.747363],[16.590918,47.750537],[16.647461,47.739014],[16.747559,47.686279],[16.785938,47.678662],[16.823047,47.693994],[16.862695,47.697266],[16.973438,47.695312],[17.066602,47.707568],[17.045605,47.76377],[17.045898,47.804541],[17.030078,47.837109],[17.039941,47.872949],[17.077734,47.900879],[17.089063,47.963623],[17.147363,48.005957],[17.174609,48.012061],[17.277246,48.004346],[17.301563,47.993359],[17.317285,47.990918],[17.480664,47.887598],[17.635254,47.809912],[17.761914,47.770166],[17.947949,47.766895],[18.145605,47.763428],[18.47627,47.777002],[18.724219,47.787158],[18.740625,47.806494],[18.778027,47.852881],[18.74834,47.892676],[18.750098,47.939453],[18.791895,48.000293],[18.91416,48.05083],[19.265137,48.073047],[19.466992,48.110693],[19.497461,48.162109],[19.564258,48.212842],[19.625391,48.223096],[19.70918,48.199805],[19.810059,48.155029],[19.898633,48.131348],[19.950391,48.146631],[20.128613,48.222021],[20.333789,48.295557],[20.475,48.495117],[20.490039,48.526904],[20.643164,48.549707],[20.866602,48.545654],[20.981152,48.519678],[21.067285,48.505908],[21.196387,48.510596],[21.382422,48.553467],[21.451367,48.552246],[21.504688,48.521875],[21.563184,48.495703],[21.602637,48.463672],[21.63252,48.418506],[21.648633,48.401465],[21.674609,48.378369],[21.721484,48.346582],[21.766992,48.338086],[22.111328,48.393359],[22.131836,48.405322]]]}},{"type":"Feature","properties":{"name":"Germany","role_pre":"consumer","role_post":"diversified","label":"GERMANY"},"geometry":{"type":"MultiPolygon","coordinates":[[[[9.524023,47.524219],[9.35,47.598926],[9.182813,47.670703],[9.127539,47.670703],[8.881152,47.656396],[8.874023,47.662695],[8.831152,47.703613],[8.793066,47.716553],[8.770117,47.709912],[8.754785,47.698047],[8.72832,47.700049],[8.617871,47.766113],[8.572656,47.775635],[8.509863,47.766895],[8.435742,47.731348],[8.403418,47.687793],[8.413281,47.662695],[8.451758,47.651807],[8.552344,47.659131],[8.56709,47.651904],[8.570508,47.637793],[8.559473,47.624023],[8.477637,47.612695],[8.454004,47.596191],[8.430078,47.592139],[8.414746,47.5896],[8.327832,47.606934],[8.198242,47.606934],[8.09375,47.576172],[7.927051,47.563867],[7.698047,47.569873],[7.615625,47.592725],[7.56543,47.606543],[7.529395,47.673877],[7.538574,47.773633],[7.593262,47.905664],[7.608496,48.002588],[7.58418,48.064307],[7.616602,48.156787],[7.705664,48.280029],[7.765137,48.41001],[7.794824,48.546826],[7.837988,48.636035],[7.922754,48.698535],[8.124023,48.873291],[8.140332,48.886426],[8.134863,48.973584],[8.080664,48.985889],[8.00127,49.010937],[7.799219,49.041895],[7.610938,49.061768],[7.525488,49.086377],[7.450586,49.152197],[7.404199,49.153076],[7.313379,49.129541],[7.199902,49.113623],[7.117383,49.127539],[7.065723,49.124854],[7.036719,49.112695],[7.022168,49.123437],[7.001465,49.179883],[6.958301,49.194629],[6.891211,49.20752],[6.849512,49.201953],[6.820703,49.173926],[6.77627,49.15415],[6.735449,49.160596],[6.607617,49.290869],[6.574707,49.319678],[6.566309,49.346191],[6.534277,49.394678],[6.458105,49.442871],[6.382227,49.458154],[6.344336,49.452734],[6.348438,49.512695],[6.37832,49.599609],[6.406738,49.644971],[6.444629,49.682031],[6.484766,49.707812],[6.49375,49.754395],[6.487305,49.798486],[6.440918,49.805322],[6.324609,49.837891],[6.256055,49.872168],[6.204883,49.915137],[6.138184,49.974316],[6.109766,50.034375],[6.108301,50.094238],[6.116504,50.120996],[6.121289,50.139355],[6.175098,50.232666],[6.364453,50.316162],[6.343652,50.400244],[6.340918,50.451758],[6.294922,50.485498],[6.203027,50.499121],[6.178711,50.52251],[6.168457,50.545361],[6.235938,50.59668],[6.154492,50.637256],[6.119434,50.679248],[6.005957,50.732227],[5.993945,50.750439],[6.048438,50.904883],[6.006836,50.949951],[5.955078,50.972949],[5.894727,50.984229],[5.867188,51.005664],[5.85752,51.030127],[5.868359,51.045312],[5.939258,51.04082],[5.961035,51.056689],[6.12998,51.147412],[6.136914,51.164844],[6.113379,51.174707],[6.082422,51.17998],[6.074805,51.199023],[6.075879,51.224121],[6.166211,51.354834],[6.192871,51.410596],[6.198828,51.45],[6.193262,51.488916],[6.141602,51.550098],[6.091113,51.598926],[6.089355,51.637793],[6.052734,51.658252],[5.948535,51.762402],[5.94873,51.802686],[6.007617,51.833984],[6.089844,51.853955],[6.117188,51.87041],[6.166504,51.880762],[6.29707,51.850732],[6.355664,51.824658],[6.372168,51.830029],[6.425,51.858398],[6.517578,51.853955],[6.741797,51.910889],[6.775195,51.938281],[6.800391,51.967383],[6.802441,51.980176],[6.715625,52.036182],[6.712988,52.056885],[6.724512,52.080225],[6.749023,52.098682],[6.800391,52.11123],[6.855078,52.135791],[6.977246,52.205518],[7.019629,52.266016],[7.032617,52.331494],[7.035156,52.380225],[7.001855,52.418994],[6.968164,52.444092],[6.92207,52.440283],[6.83252,52.442285],[6.748828,52.464014],[6.70293,52.499219],[6.691602,52.530176],[6.712402,52.549658],[6.71875,52.573584],[6.705371,52.597656],[6.710742,52.617871],[6.748438,52.634082],[7.013184,52.633545],[7.033008,52.651367],[7.050879,52.744775],[7.11709,52.887012],[7.179492,52.966211],[7.189941,52.999512],[7.188965,53.187207],[7.197266,53.282275],[7.152051,53.326953],[7.05332,53.37583],[7.074316,53.477637],[7.107129,53.556982],[7.206445,53.654541],[7.285254,53.681348],[7.629199,53.697266],[8.009277,53.690723],[8.16709,53.543408],[8.108496,53.467676],[8.200781,53.432422],[8.245215,53.445312],[8.279004,53.511182],[8.301563,53.584131],[8.333887,53.606201],[8.451367,53.551709],[8.492676,53.514355],[8.495215,53.394238],[8.538477,53.556885],[8.50625,53.670752],[8.528418,53.781104],[8.575586,53.838477],[8.618945,53.875],[8.897754,53.835693],[9.205566,53.855957],[9.321973,53.813477],[9.585352,53.600488],[9.673145,53.565625],[9.783984,53.554639],[9.63125,53.600195],[9.312012,53.859131],[9.216406,53.891211],[9.069629,53.900928],[8.978125,53.926221],[8.92041,53.965332],[8.903516,54.000293],[8.906641,54.260791],[8.851562,54.299561],[8.780371,54.313037],[8.736035,54.295215],[8.644922,54.294971],[8.625781,54.353955],[8.648047,54.397656],[8.831152,54.427539],[8.951855,54.467578],[8.957227,54.53833],[8.880957,54.593945],[8.789648,54.695947],[8.682324,54.791846],[8.670313,54.903418],[8.670703,54.90332],[8.857227,54.901123],[8.90293,54.896924],[9.18584,54.844678],[9.25498,54.808008],[9.341992,54.806299],[9.49873,54.84043],[9.61582,54.85542],[9.66123,54.834375],[9.725,54.825537],[9.739746,54.825537],[9.745898,54.807178],[9.892285,54.780615],[9.953809,54.738281],[10.022168,54.673926],[10.028809,54.581299],[9.941309,54.514648],[9.868652,54.472461],[10.143457,54.488428],[10.170801,54.450195],[10.212402,54.408936],[10.360449,54.43833],[10.731543,54.31626],[10.955957,54.375684],[11.013379,54.37915],[11.064355,54.280518],[11.008594,54.181152],[10.810742,54.075146],[10.85459,54.009814],[10.917773,53.995312],[11.104297,54.00918],[11.399609,53.944629],[11.461133,53.964746],[11.700586,54.113525],[11.796289,54.145459],[12.111328,54.168311],[12.168652,54.225879],[12.296289,54.283789],[12.378516,54.347021],[12.575391,54.467383],[12.779102,54.445703],[12.898047,54.422656],[13.028613,54.411035],[13.147461,54.282715],[13.448047,54.140869],[13.724219,54.153223],[13.822266,54.019043],[13.865527,53.853369],[13.950391,53.801367],[14.025,53.767432],[14.25,53.731885],[14.258887,53.729639],[14.266113,53.707129],[14.279883,53.624756],[14.29873,53.556445],[14.414551,53.283496],[14.412305,53.216748],[14.410938,53.199023],[14.368555,53.105566],[14.293164,53.026758],[14.193652,52.982324],[14.138867,52.932861],[14.128613,52.878223],[14.253711,52.78252],[14.514063,52.645605],[14.619434,52.528516],[14.569727,52.431104],[14.55459,52.359668],[14.573926,52.31416],[14.615625,52.277637],[14.679883,52.25],[14.705371,52.207471],[14.692383,52.150049],[14.70459,52.110205],[14.752539,52.081836],[14.748145,52.070801],[14.724805,52.030859],[14.692969,51.958008],[14.674902,51.904834],[14.60166,51.832373],[14.623926,51.770801],[14.681348,51.698193],[14.724902,51.661719],[14.738672,51.627148],[14.710938,51.544922],[14.724707,51.523877],[14.905957,51.46333],[14.935547,51.435352],[14.953125,51.377148],[15.016602,51.252734],[14.963867,51.095117],[14.91748,51.00874],[14.814258,50.871631],[14.809375,50.858984],[14.797461,50.842334],[14.766504,50.818311],[14.72334,50.814697],[14.658203,50.832617],[14.613574,50.855566],[14.623828,50.914746],[14.595215,50.918604],[14.559668,50.954932],[14.545703,50.993945],[14.507324,51.009863],[14.367285,51.02627],[14.319727,51.037793],[14.283203,51.029492],[14.255859,51.001855],[14.27334,50.976904],[14.299414,50.952588],[14.377051,50.914062],[14.369043,50.89873],[14.201758,50.86123],[14.096484,50.822754],[13.998438,50.801123],[13.898535,50.761279],[13.701367,50.716504],[13.556738,50.704639],[13.526563,50.692822],[13.472559,50.616943],[13.436133,50.601074],[13.401172,50.609326],[13.374609,50.621729],[13.341016,50.611426],[13.306055,50.586328],[13.269531,50.576416],[13.237695,50.576758],[13.181152,50.510498],[13.016406,50.490381],[12.99707,50.456055],[12.966797,50.416211],[12.942676,50.406445],[12.868262,50.422217],[12.76543,50.430957],[12.706445,50.409131],[12.635547,50.39707],[12.549023,50.393408],[12.452637,50.349805],[12.358594,50.273242],[12.305664,50.205713],[12.277344,50.181445],[12.231152,50.244873],[12.174805,50.288379],[12.134863,50.310937],[12.099219,50.310986],[12.089844,50.301758],[12.089746,50.268555],[12.127832,50.213428],[12.175,50.17583],[12.18252,50.148047],[12.207813,50.09751],[12.276465,50.042334],[12.38418,49.998584],[12.457617,49.955518],[12.512012,49.895801],[12.5125,49.877441],[12.497559,49.853076],[12.471875,49.830078],[12.450195,49.800146],[12.390527,49.739648],[12.408203,49.713184],[12.457031,49.679785],[12.500293,49.639697],[12.555762,49.574854],[12.632031,49.46123],[12.681152,49.414502],[12.747852,49.366211],[12.813379,49.329346],[12.916699,49.330469],[13.02373,49.260107],[13.140527,49.15835],[13.227832,49.11167],[13.28877,49.097461],[13.339063,49.060791],[13.383691,49.008105],[13.401172,48.977588],[13.440723,48.955566],[13.547656,48.959668],[13.684961,48.876709],[13.769922,48.815967],[13.814746,48.766943],[13.80293,48.74751],[13.797461,48.686426],[13.798828,48.62168],[13.785352,48.587451],[13.723926,48.542383],[13.692188,48.532764],[13.675195,48.523047],[13.486621,48.581836],[13.47168,48.571826],[13.459863,48.564551],[13.409375,48.394141],[13.374609,48.361377],[13.322852,48.33125],[13.215234,48.301904],[13.14043,48.289941],[13.082129,48.275098],[12.897461,48.203711],[12.814258,48.16084],[12.760352,48.106982],[12.760059,48.075977],[12.849902,47.984814],[12.953516,47.890625],[12.954199,47.807764],[12.908301,47.745801],[12.897656,47.721875],[12.928125,47.712842],[12.985547,47.709424],[13.033594,47.69873],[13.054102,47.655127],[13.047949,47.57915],[13.031543,47.508008],[13.014355,47.478076],[12.968066,47.475684],[12.878906,47.506445],[12.809375,47.542187],[12.782813,47.56416],[12.781152,47.59043],[12.796191,47.607031],[12.771387,47.639404],[12.68584,47.669336],[12.594238,47.656299],[12.526563,47.636133],[12.48291,47.637305],[12.435742,47.666113],[12.363184,47.688184],[12.268359,47.702734],[12.209277,47.718262],[12.196875,47.709082],[12.203809,47.646729],[12.185645,47.619531],[11.716797,47.583496],[11.573926,47.549756],[11.469922,47.506104],[11.392969,47.487158],[11.374121,47.460254],[11.297949,47.424902],[11.211914,47.413623],[11.191211,47.425195],[11.136035,47.408887],[11.041992,47.393115],[10.980859,47.398145],[10.952148,47.426709],[10.893945,47.470459],[10.870605,47.500781],[10.873047,47.520215],[10.741602,47.524121],[10.658691,47.547217],[10.482813,47.541797],[10.439453,47.551562],[10.430371,47.541064],[10.403906,47.416992],[10.369141,47.366064],[10.312793,47.313428],[10.240625,47.284131],[10.183008,47.278809],[10.185742,47.317187],[10.200293,47.363428],[10.158789,47.374268],[10.096484,47.37959],[10.066309,47.393359],[10.074219,47.428516],[10.059863,47.449072],[10.034082,47.473584],[9.971582,47.505322],[9.83916,47.552295],[9.748926,47.575537],[9.715137,47.550781],[9.650586,47.525879],[9.548926,47.534033],[9.524023,47.524219]]],[[[13.70918,54.382715],[13.73418,54.31543],[13.707324,54.281152],[13.594922,54.338184],[13.482031,54.337402],[13.414551,54.249561],[13.364355,54.24585],[13.190039,54.325635],[13.162109,54.364551],[13.156348,54.396924],[13.18125,54.508984],[13.17666,54.544238],[13.231445,54.582764],[13.239941,54.638428],[13.336816,54.697119],[13.422754,54.699316],[13.450098,54.649609],[13.491211,54.615381],[13.636035,54.577002],[13.657617,54.55957],[13.670703,54.535449],[13.60332,54.488184],[13.580469,54.463965],[13.601855,54.425146],[13.70918,54.382715]]],[[[14.211426,53.950342],[14.198242,53.919043],[14.213672,53.870752],[14.172168,53.874365],[14.04834,53.863086],[13.925781,53.879053],[13.902148,53.938965],[13.92168,53.996631],[13.872461,54.036279],[13.827148,54.05957],[13.82041,54.092822],[13.827734,54.127246],[14.038867,54.03457],[14.211426,53.950342]]],[[[11.282813,54.417969],[11.129297,54.416016],[11.070703,54.456006],[11.011719,54.466162],[11.043457,54.515479],[11.084961,54.533398],[11.233594,54.50127],[11.280273,54.438379],[11.282813,54.417969]]],[[[8.307715,54.786963],[8.284668,54.76709],[8.295703,54.908301],[8.405176,55.05874],[8.451465,55.055371],[8.404102,55.014746],[8.39043,54.986279],[8.371191,54.929395],[8.379883,54.899854],[8.62959,54.891748],[8.600586,54.865381],[8.347363,54.847607],[8.307715,54.786963]]],[[[8.587891,54.712695],[8.548926,54.688184],[8.453809,54.691064],[8.400391,54.714111],[8.417676,54.738672],[8.468164,54.757422],[8.509961,54.760303],[8.573438,54.74873],[8.587891,54.712695]]]]}},{"type":"Feature","properties":{"name":"France","role_pre":"baseline_consumer","role_post":"diversified","label":"FRANCE"},"geometry":{"type":"MultiPolygon","coordinates":[[[[9.480371,42.80542],[9.454199,42.658594],[9.473242,42.615576],[9.509375,42.585596],[9.526172,42.552637],[9.556445,42.160937],[9.550684,42.129736],[9.428418,41.972412],[9.400879,41.926221],[9.394824,41.731201],[9.374219,41.678809],[9.330859,41.627148],[9.253418,41.460059],[9.186133,41.384912],[9.003027,41.476562],[8.89502,41.516162],[8.84209,41.558887],[8.80752,41.588379],[8.829785,41.627686],[8.879004,41.668555],[8.886816,41.700684],[8.770996,41.737109],[8.717969,41.761426],[8.718652,41.804004],[8.758691,41.87041],[8.74043,41.925146],[8.673633,41.922363],[8.621875,41.930713],[8.615137,41.959131],[8.653418,41.995557],[8.702539,42.043115],[8.700977,42.095605],[8.641602,42.118213],[8.587793,42.16084],[8.566211,42.218799],[8.60791,42.258447],[8.675488,42.284033],[8.625879,42.343408],[8.592383,42.344727],[8.565625,42.357715],[8.5875,42.385303],[8.640039,42.426562],[8.713086,42.549756],[8.814844,42.60791],[8.994922,42.645312],[9.043652,42.66167],[9.088379,42.70498],[9.137891,42.73291],[9.198047,42.729199],[9.253516,42.712451],[9.287695,42.694629],[9.313379,42.713184],[9.338379,42.766895],[9.323047,42.814062],[9.330957,42.943799],[9.363184,43.017383],[9.415234,43.021484],[9.463281,42.981006],[9.46084,42.945215],[9.478613,42.860498],[9.480371,42.80542]]],[[[7.615625,47.592725],[7.494922,47.547363],[7.467383,47.507666],[7.42002,47.455176],[7.343164,47.433105],[7.265723,47.425781],[7.203125,47.432715],[7.16748,47.453711],[7.169238,47.473242],[7.136035,47.489844],[7.053418,47.489355],[6.968359,47.453223],[6.900391,47.394238],[6.921484,47.36123],[6.984082,47.352539],[7.000586,47.339453],[7.000586,47.32251],[6.978516,47.302051],[6.952051,47.267187],[6.820703,47.163184],[6.688086,47.058252],[6.666895,47.026514],[6.624805,47.004346],[6.45625,46.94834],[6.438574,46.925879],[6.429004,46.832275],[6.410156,46.75542],[6.285156,46.683057],[6.160742,46.611035],[6.129688,46.566992],[6.107031,46.516064],[6.067969,46.458545],[6.060254,46.428174],[6.123242,46.378613],[6.115918,46.337646],[6.095898,46.279395],[6.036133,46.238086],[5.97002,46.214697],[5.971484,46.151221],[6.006641,46.142334],[6.086621,46.147021],[6.199414,46.193066],[6.272949,46.252246],[6.22959,46.308447],[6.224219,46.319434],[6.234668,46.332617],[6.321875,46.393701],[6.428906,46.430518],[6.578223,46.437354],[6.758105,46.415771],[6.776074,46.406641],[6.767383,46.369189],[6.78418,46.313965],[6.816797,46.275195],[6.77207,46.165137],[6.805664,46.130664],[6.858008,46.089404],[6.897266,46.051758],[6.953711,46.017139],[7.003906,45.958838],[7.021094,45.925781],[6.94082,45.868359],[6.804492,45.814551],[6.78916,45.780078],[6.790918,45.740869],[6.80625,45.71001],[6.881445,45.670361],[6.962402,45.580566],[7.013672,45.500488],[7.126074,45.423682],[7.153418,45.400928],[7.146387,45.381738],[7.116797,45.349023],[7.07832,45.239941],[7.032422,45.222607],[6.98125,45.215576],[6.842285,45.135645],[6.780371,45.145312],[6.692285,45.144287],[6.627734,45.117969],[6.634766,45.068164],[6.691406,45.022607],[6.724707,44.972998],[6.738184,44.921387],[6.801074,44.883154],[6.889355,44.860303],[6.939844,44.85874],[6.972852,44.84502],[6.992676,44.827295],[7.030664,44.716699],[7.00791,44.688965],[6.960352,44.677148],[6.931934,44.631641],[6.875195,44.564551],[6.842969,44.510693],[6.878613,44.463281],[6.893848,44.428174],[6.874805,44.392041],[6.900195,44.335742],[6.967285,44.280029],[7.149414,44.201709],[7.318555,44.137988],[7.370898,44.127393],[7.599414,44.168359],[7.637207,44.164844],[7.665039,44.116016],[7.677148,44.083154],[7.651465,44.033643],[7.589648,43.96543],[7.522656,43.911084],[7.482031,43.864893],[7.490527,43.822949],[7.493164,43.767139],[7.438672,43.750439],[7.436914,43.761475],[7.414453,43.770898],[7.39502,43.765332],[7.380078,43.753223],[7.377734,43.731738],[7.261523,43.696094],[7.181445,43.659131],[6.864746,43.43833],[6.716602,43.373584],[6.687402,43.33457],[6.657227,43.26167],[6.570215,43.199072],[6.494043,43.169287],[6.305371,43.138721],[6.115918,43.072363],[6.030566,43.100977],[5.809473,43.0979],[5.671582,43.177832],[5.406543,43.228516],[5.320215,43.344922],[5.199512,43.35249],[5.12041,43.348975],[5.073145,43.366602],[5.06084,43.406299],[5.059766,43.444531],[4.975977,43.426953],[4.911914,43.426953],[4.87373,43.411621],[4.843555,43.393945],[4.80791,43.405225],[4.787207,43.401416],[4.789062,43.378906],[4.712109,43.373291],[4.628711,43.387109],[4.409766,43.447217],[4.376172,43.456396],[4.224219,43.479639],[4.162793,43.503662],[4.113086,43.563037],[4.075098,43.581836],[4.052637,43.593066],[3.91084,43.563086],[3.861621,43.516357],[3.784766,43.461621],[3.258887,43.193213],[3.162891,43.080762],[3.051758,42.915137],[3.043066,42.837891],[3.090918,42.590869],[3.197852,42.461182],[3.211426,42.431152],[3.152148,42.431006],[3.052637,42.447217],[2.97002,42.467236],[2.891406,42.456055],[2.815625,42.429248],[2.749414,42.413037],[2.701855,42.408496],[2.67002,42.393018],[2.654785,42.362109],[2.65166,42.340479],[2.567969,42.345801],[2.374414,42.390283],[2.200391,42.420947],[2.09834,42.386084],[2.032715,42.353516],[1.986523,42.358496],[1.951465,42.392773],[1.92793,42.426318],[1.859766,42.45708],[1.706055,42.50332],[1.713965,42.525635],[1.740234,42.556738],[1.739453,42.575928],[1.709863,42.604443],[1.568164,42.63501],[1.501367,42.642725],[1.458887,42.62168],[1.42832,42.595898],[1.349414,42.690674],[1.293262,42.709961],[1.208301,42.713135],[1.111133,42.742041],[1.010059,42.778955],[0.764453,42.838037],[0.696875,42.845117],[0.669824,42.835742],[0.651758,42.800439],[0.641992,42.700635],[0.631641,42.6896],[0.517676,42.686279],[0.377246,42.700146],[0.312891,42.693262],[0.255469,42.69292],[0.201367,42.719336],[-0.041162,42.689111],[-0.081494,42.703857],[-0.140039,42.748926],[-0.205322,42.785303],[-0.256055,42.803955],[-0.299316,42.825342],[-0.338574,42.828809],[-0.398438,42.808105],[-0.481152,42.799316],[-0.549805,42.802002],[-0.586426,42.798975],[-0.740186,42.909521],[-0.762646,42.939795],[-0.839209,42.948193],[-0.933838,42.949512],[-1.175439,43.021143],[-1.285449,43.059619],[-1.301562,43.082471],[-1.300049,43.100977],[-1.318848,43.096973],[-1.352734,43.064258],[-1.370508,43.037598],[-1.394043,43.032617],[-1.42876,43.036768],[-1.46084,43.051758],[-1.480469,43.071143],[-1.459424,43.10498],[-1.422607,43.149121],[-1.407324,43.197119],[-1.410693,43.240088],[-1.471729,43.267676],[-1.561475,43.279199],[-1.627148,43.282471],[-1.712842,43.307031],[-1.753271,43.324707],[-1.792725,43.372559],[-1.794043,43.407324],[-1.631445,43.438037],[-1.484863,43.56377],[-1.345996,44.020215],[-1.245508,44.559863],[-1.170801,44.661816],[-1.076953,44.689844],[-1.152881,44.764014],[-1.200391,44.726465],[-1.220312,44.686621],[-1.245215,44.666699],[-1.189062,45.161475],[-1.149072,45.342627],[-1.081006,45.532422],[-0.941748,45.45708],[-0.826318,45.380664],[-0.76665,45.314355],[-0.691113,45.093457],[-0.633984,45.047119],[-0.548486,45.000586],[-0.582275,45.051367],[-0.641113,45.090186],[-0.733105,45.384619],[-0.790771,45.468018],[-0.880664,45.538184],[-1.169971,45.685937],[-1.195996,45.714453],[-1.209961,45.770898],[-1.114355,45.768506],[-1.031738,45.741064],[-1.041504,45.772656],[-1.066016,45.805664],[-1.104395,45.925342],[-1.136377,46.204834],[-1.132031,46.252686],[-1.146289,46.311377],[-1.238818,46.324512],[-1.312793,46.326904],[-1.39248,46.350098],[-1.786523,46.514844],[-1.921436,46.684814],[-2.059375,46.810303],[-2.09248,46.865039],[-2.090283,46.920508],[-2.018896,47.037646],[-2.081934,47.111621],[-2.143555,47.126318],[-2.19707,47.162939],[-2.148584,47.223926],[-2.108301,47.262939],[-2.027588,47.273584],[-1.921729,47.260645],[-1.821289,47.225342],[-1.742529,47.215967],[-1.975391,47.310693],[-2.353027,47.27876],[-2.434424,47.290967],[-2.503125,47.312061],[-2.530029,47.381592],[-2.476318,47.412939],[-2.427686,47.470898],[-2.482715,47.511621],[-2.554053,47.527051],[-2.665918,47.526172],[-2.770312,47.513867],[-2.796777,47.537256],[-2.733105,47.601807],[-2.787207,47.625537],[-2.859375,47.614453],[-2.964062,47.601074],[-3.064209,47.621338],[-3.158838,47.694678],[-3.221582,47.694141],[-3.264697,47.685107],[-3.328613,47.71333],[-3.395898,47.72041],[-3.443945,47.711035],[-3.507812,47.753125],[-3.900928,47.837549],[-4.070703,47.847852],[-4.226416,47.809619],[-4.312109,47.8229],[-4.375098,47.877441],[-4.427979,47.968945],[-4.678809,48.039502],[-4.629199,48.085791],[-4.512402,48.096729],[-4.377832,48.128809],[-4.329443,48.169971],[-4.434619,48.217969],[-4.512207,48.229736],[-4.544336,48.246973],[-4.577148,48.290039],[-4.530664,48.309717],[-4.4979,48.299268],[-4.40332,48.293066],[-4.241406,48.303662],[-4.301758,48.34707],[-4.364404,48.356738],[-4.393164,48.367627],[-4.524805,48.372314],[-4.584717,48.35752],[-4.719385,48.363135],[-4.748535,48.41001],[-4.7625,48.450244],[-4.720752,48.539893],[-4.531201,48.619971],[-4.058887,48.70752],[-3.855664,48.694727],[-3.714795,48.710498],[-3.545996,48.765674],[-3.471484,48.812939],[-3.231445,48.84082],[-3.003223,48.790674],[-2.792871,48.601074],[-2.692334,48.536816],[-2.446191,48.648291],[-2.079443,48.64502],[-2.003711,48.58208],[-1.973145,48.635107],[-1.905713,48.697119],[-1.851953,48.668848],[-1.824707,48.630518],[-1.437646,48.641406],[-1.376465,48.652588],[-1.480469,48.697607],[-1.565479,48.805518],[-1.583105,49.202393],[-1.690332,49.313184],[-1.813428,49.490137],[-1.870068,49.595117],[-1.875391,49.631396],[-1.856445,49.683789],[-1.705127,49.680957],[-1.588232,49.667676],[-1.365723,49.707275],[-1.258643,49.680176],[-1.264941,49.598242],[-1.232275,49.494873],[-1.194971,49.444824],[-1.138525,49.387891],[-0.959131,49.393164],[-0.765527,49.359717],[-0.520898,49.354541],[-0.163477,49.296777],[-0.011182,49.330225],[0.136133,49.401514],[0.416895,49.448389],[0.439258,49.473193],[0.277637,49.463281],[0.129395,49.508447],[0.109375,49.55752],[0.126563,49.601562],[0.186719,49.703027],[0.616211,49.862939],[0.924121,49.910205],[1.245508,49.998242],[1.407227,50.088525],[1.514063,50.205078],[1.548438,50.230713],[1.592773,50.252197],[1.551563,50.293945],[1.579492,50.739258],[1.60957,50.819482],[1.672266,50.88501],[1.767676,50.935693],[1.9125,50.990625],[2.445703,51.066504],[2.524902,51.097119],[2.536035,51.049512],[2.574805,50.988574],[2.601465,50.955273],[2.579297,50.911768],[2.596777,50.875928],[2.669141,50.811426],[2.759375,50.750635],[2.839746,50.711768],[2.862402,50.716016],[2.921973,50.727051],[3.022852,50.766895],[3.106836,50.779443],[3.154883,50.748926],[3.182031,50.731689],[3.234961,50.662939],[3.249805,50.591162],[3.27334,50.531543],[3.316211,50.507373],[3.476953,50.499463],[3.59541,50.477344],[3.626758,50.457324],[3.667285,50.324805],[3.689355,50.306055],[3.718848,50.32168],[3.748047,50.343506],[3.788574,50.346973],[3.858105,50.338574],[3.949707,50.335938],[4.044141,50.321338],[4.174609,50.246484],[4.169629,50.221777],[4.144141,50.178418],[4.135254,50.143799],[4.157715,50.129883],[4.192188,50.094141],[4.183887,50.052832],[4.150293,50.023877],[4.136816,50],[4.137012,49.984473],[4.149316,49.971582],[4.176074,49.960254],[4.36875,49.944971],[4.54502,49.960254],[4.656152,50.002441],[4.675098,50.046875],[4.706641,50.09707],[4.772852,50.139062],[4.818652,50.153174],[4.860547,50.135889],[4.790039,49.95957],[4.841504,49.914502],[4.849121,49.847119],[4.867578,49.788135],[4.930566,49.789258],[5.006934,49.778369],[5.061035,49.756543],[5.124121,49.721484],[5.215039,49.689258],[5.278809,49.67793],[5.301953,49.650977],[5.353516,49.619824],[5.434668,49.554492],[5.507324,49.510889],[5.542383,49.511035],[5.610059,49.528223],[5.710449,49.539209],[5.789746,49.538281],[5.823438,49.505078],[5.901367,49.489746],[5.928906,49.477539],[5.959473,49.454639],[6.011426,49.445459],[6.074121,49.454639],[6.119922,49.485205],[6.181055,49.498926],[6.242188,49.494336],[6.277344,49.477539],[6.344336,49.452734],[6.382227,49.458154],[6.458105,49.442871],[6.534277,49.394678],[6.566309,49.346191],[6.574707,49.319678],[6.607617,49.290869],[6.735449,49.160596],[6.77627,49.15415],[6.820703,49.173926],[6.849512,49.201953],[6.891211,49.20752],[6.958301,49.194629],[7.001465,49.179883],[7.022168,49.123437],[7.036719,49.112695],[7.065723,49.124854],[7.117383,49.127539],[7.199902,49.113623],[7.313379,49.129541],[7.404199,49.153076],[7.450586,49.152197],[7.525488,49.086377],[7.610938,49.061768],[7.799219,49.041895],[8.00127,49.010937],[8.080664,48.985889],[8.134863,48.973584],[8.140332,48.886426],[8.124023,48.873291],[7.922754,48.698535],[7.837988,48.636035],[7.794824,48.546826],[7.765137,48.41001],[7.705664,48.280029],[7.616602,48.156787],[7.58418,48.064307],[7.608496,48.002588],[7.593262,47.905664],[7.538574,47.773633],[7.529395,47.673877],[7.56543,47.606543],[7.615625,47.592725]]],[[[-1.17832,45.904053],[-1.213574,45.816602],[-1.280273,45.897119],[-1.368701,45.967676],[-1.388867,46.032959],[-1.388672,46.050391],[-1.285059,46.002686],[-1.17832,45.904053]]],[[[45.180273,-12.976758],[45.117578,-12.984961],[45.087695,-12.958496],[45.069434,-12.895605],[45.088281,-12.835059],[45.093555,-12.786133],[45.042578,-12.70127],[45.092383,-12.653027],[45.134766,-12.70918],[45.158789,-12.712988],[45.223145,-12.752148],[45.204297,-12.824316],[45.208594,-12.847949],[45.179395,-12.920215],[45.180273,-12.976758]]],[[[55.797363,-21.339355],[55.656152,-21.369043],[55.557617,-21.358301],[55.362695,-21.273633],[55.310352,-21.217383],[55.232813,-21.058398],[55.25,-21.002441],[55.311328,-20.904102],[55.450488,-20.865137],[55.596484,-20.87959],[55.661914,-20.90625],[55.73916,-21.021484],[55.839063,-21.138574],[55.822461,-21.277832],[55.797363,-21.339355]]],[[[-60.82627,14.494482],[-60.836621,14.437402],[-60.862109,14.42627],[-60.899414,14.473779],[-61.063721,14.46709],[-61.088867,14.50957],[-61.090332,14.529687],[-61.011328,14.601904],[-61.104297,14.62124],[-61.141113,14.652393],[-61.219727,14.804395],[-61.21333,14.848584],[-61.180811,14.871924],[-61.127393,14.875293],[-61.0271,14.826172],[-60.952539,14.75625],[-60.927148,14.755176],[-60.918652,14.735352],[-60.933691,14.686182],[-60.88916,14.644531],[-60.869971,14.613721],[-60.82627,14.494482]]],[[[-61.327148,16.23042],[-61.444824,16.219287],[-61.522168,16.228027],[-61.53999,16.299609],[-61.500586,16.360205],[-61.528906,16.433789],[-61.510645,16.477686],[-61.471191,16.506641],[-61.406445,16.468311],[-61.396143,16.413428],[-61.355469,16.363184],[-61.172607,16.256104],[-61.327148,16.23042]]],[[[-61.589551,16.006934],[-61.670459,15.962061],[-61.710254,15.975928],[-61.759424,16.062061],[-61.794092,16.300977],[-61.767139,16.340479],[-61.748047,16.355273],[-61.641504,16.325977],[-61.597021,16.292187],[-61.552344,16.270898],[-61.575049,16.227148],[-61.563867,16.047754],[-61.589551,16.006934]]],[[[-61.230469,15.889941],[-61.28623,15.886035],[-61.310742,15.894678],[-61.318408,15.954883],[-61.275293,15.99624],[-61.25,16.006299],[-61.212354,15.959912],[-61.203418,15.92124],[-61.230469,15.889941]]],[[[-54.61626,2.326758],[-54.604736,2.335791],[-54.568408,2.342578],[-54.535937,2.343311],[-54.485547,2.416113],[-54.402002,2.461523],[-54.256738,2.713721],[-54.195508,2.817871],[-54.188086,2.874854],[-54.170703,2.993604],[-54.203125,3.138184],[-54.188037,3.17876],[-54.063184,3.35332],[-54.00957,3.448535],[-54.005957,3.530518],[-53.990479,3.589551],[-54.005908,3.62041],[-54.034229,3.629395],[-54.081982,3.705957],[-54.112793,3.769434],[-54.197461,3.834424],[-54.255518,3.901074],[-54.350732,4.054102],[-54.342139,4.140039],[-54.369141,4.170947],[-54.398389,4.20249],[-54.39624,4.241406],[-54.416016,4.337646],[-54.440674,4.428027],[-54.449609,4.48501],[-54.426074,4.583008],[-54.440234,4.691992],[-54.471143,4.749316],[-54.479687,4.836523],[-54.47334,4.914697],[-54.446875,4.958789],[-54.452197,5.013477],[-54.331641,5.187402],[-54.240186,5.288232],[-54.155957,5.358984],[-54.085303,5.411816],[-53.9896,5.676025],[-53.919922,5.768994],[-53.847168,5.782227],[-53.454443,5.563477],[-53.270361,5.543262],[-52.899316,5.425049],[-52.76499,5.273486],[-52.453955,5.021338],[-52.290527,4.942187],[-52.288916,4.876123],[-52.324609,4.770898],[-52.219971,4.862793],[-52.058105,4.717383],[-52.012305,4.645996],[-51.961914,4.514404],[-51.979346,4.429883],[-52.001709,4.38623],[-52.00293,4.352295],[-51.954785,4.399072],[-51.927686,4.436133],[-51.91958,4.524316],[-51.880273,4.63374],[-51.827539,4.635693],[-51.785645,4.570508],[-51.698633,4.286816],[-51.66582,4.228809],[-51.653271,4.13877],[-51.658105,4.098486],[-51.652539,4.061279],[-51.683447,4.039697],[-51.76709,3.992676],[-51.805273,3.929932],[-51.82749,3.86958],[-51.879492,3.828564],[-51.928906,3.776953],[-51.944336,3.735107],[-51.990625,3.702002],[-51.999512,3.646875],[-52.116113,3.452295],[-52.162598,3.364697],[-52.229443,3.27168],[-52.27124,3.237109],[-52.327881,3.181738],[-52.356641,3.117725],[-52.356641,3.051562],[-52.396387,2.972217],[-52.418408,2.903857],[-52.455859,2.86416],[-52.554688,2.647656],[-52.559473,2.573145],[-52.583008,2.528906],[-52.653174,2.425732],[-52.700635,2.363672],[-52.783398,2.317187],[-52.87041,2.26665],[-52.903467,2.211523],[-52.964844,2.183545],[-53.009717,2.181738],[-53.082275,2.201709],[-53.180078,2.211328],[-53.229785,2.204883],[-53.252197,2.232275],[-53.285498,2.295215],[-53.334424,2.339746],[-53.366016,2.324219],[-53.431836,2.279443],[-53.508984,2.253125],[-53.563965,2.261914],[-53.683691,2.29292],[-53.734717,2.308545],[-53.750146,2.33501],[-53.767773,2.354834],[-53.794238,2.345996],[-53.829541,2.312939],[-53.876611,2.278271],[-53.946436,2.232568],[-54.089746,2.150488],[-54.130078,2.121045],[-54.167383,2.137061],[-54.227979,2.15332],[-54.293066,2.154248],[-54.433105,2.20752],[-54.515088,2.245459],[-54.550488,2.293066],[-54.591943,2.31377],[-54.61626,2.326758]]]]}},{"type":"Feature","properties":{"name":"Czechia","role_pre":"consumer","role_post":"diversified","label":"CZECHIA"},"geometry":{"type":"Polygon","coordinates":[[[18.832227,49.510791],[18.807031,49.509229],[18.749707,49.493994],[18.676172,49.488477],[18.596484,49.491455],[18.53457,49.464697],[18.476074,49.421094],[18.41582,49.390918],[18.383105,49.363916],[18.364844,49.33623],[18.160938,49.257373],[18.132617,49.224561],[18.109961,49.179785],[18.100391,49.119336],[18.085938,49.065137],[18.050879,49.036523],[17.940723,49.011963],[17.913281,48.99873],[17.892676,48.971143],[17.830859,48.928613],[17.758496,48.888135],[17.625391,48.841846],[17.482617,48.827783],[17.296875,48.842822],[17.188477,48.860937],[17.135645,48.841064],[17.063281,48.780762],[16.985254,48.676904],[16.953125,48.598828],[16.92832,48.620898],[16.883691,48.703711],[16.833203,48.714307],[16.764453,48.722021],[16.712695,48.734229],[16.600977,48.781885],[16.543555,48.79624],[16.47793,48.800098],[16.414844,48.77207],[16.367285,48.738965],[16.219336,48.739404],[16.057227,48.754785],[15.825195,48.864453],[15.765039,48.86543],[15.700781,48.860449],[15.599414,48.886377],[15.40293,48.957373],[15.310938,48.974023],[15.252734,48.963867],[15.199609,48.948145],[15.161719,48.946289],[15.139746,48.969336],[15.066797,48.997852],[14.993457,49.001123],[14.972168,48.983936],[14.947363,48.827734],[14.922559,48.771387],[14.821875,48.774023],[14.785938,48.747363],[14.706641,48.671924],[14.691309,48.599219],[14.553906,48.61333],[14.488672,48.625537],[14.431055,48.61626],[14.367578,48.576221],[14.189844,48.578564],[14.049121,48.60249],[13.98877,48.692432],[13.924316,48.728027],[13.843164,48.759863],[13.814746,48.766943],[13.769922,48.815967],[13.684961,48.876709],[13.547656,48.959668],[13.440723,48.955566],[13.401172,48.977588],[13.383691,49.008105],[13.339063,49.060791],[13.28877,49.097461],[13.227832,49.11167],[13.140527,49.15835],[13.02373,49.260107],[12.916699,49.330469],[12.813379,49.329346],[12.747852,49.366211],[12.681152,49.414502],[12.632031,49.46123],[12.555762,49.574854],[12.500293,49.639697],[12.457031,49.679785],[12.408203,49.713184],[12.390527,49.739648],[12.450195,49.800146],[12.471875,49.830078],[12.497559,49.853076],[12.5125,49.877441],[12.512012,49.895801],[12.457617,49.955518],[12.38418,49.998584],[12.276465,50.042334],[12.207813,50.09751],[12.18252,50.148047],[12.175,50.17583],[12.127832,50.213428],[12.089746,50.268555],[12.089844,50.301758],[12.099219,50.310986],[12.134863,50.310937],[12.174805,50.288379],[12.231152,50.244873],[12.277344,50.181445],[12.305664,50.205713],[12.358594,50.273242],[12.452637,50.349805],[12.549023,50.393408],[12.635547,50.39707],[12.706445,50.409131],[12.76543,50.430957],[12.868262,50.422217],[12.942676,50.406445],[12.966797,50.416211],[12.99707,50.456055],[13.016406,50.490381],[13.181152,50.510498],[13.237695,50.576758],[13.269531,50.576416],[13.306055,50.586328],[13.341016,50.611426],[13.374609,50.621729],[13.401172,50.609326],[13.436133,50.601074],[13.472559,50.616943],[13.526563,50.692822],[13.556738,50.704639],[13.701367,50.716504],[13.898535,50.761279],[13.998438,50.801123],[14.096484,50.822754],[14.201758,50.86123],[14.369043,50.89873],[14.377051,50.914062],[14.299414,50.952588],[14.27334,50.976904],[14.255859,51.001855],[14.283203,51.029492],[14.319727,51.037793],[14.367285,51.02627],[14.507324,51.009863],[14.545703,50.993945],[14.559668,50.954932],[14.595215,50.918604],[14.623828,50.914746],[14.613574,50.855566],[14.658203,50.832617],[14.72334,50.814697],[14.766504,50.818311],[14.797461,50.842334],[14.809375,50.858984],[14.895801,50.861377],[14.98291,50.886572],[14.989941,50.927246],[14.984473,51.003418],[14.99375,51.014355],[15.125977,50.992871],[15.258594,50.958545],[15.277051,50.883008],[15.312598,50.845752],[15.354395,50.811768],[15.394629,50.796289],[15.463965,50.793848],[15.643945,50.748877],[15.730566,50.739697],[15.819238,50.708691],[15.893945,50.676904],[15.948535,50.670264],[15.973828,50.635449],[16.007227,50.611621],[16.066406,50.629932],[16.282227,50.655615],[16.359961,50.621387],[16.4125,50.585156],[16.419727,50.573633],[16.392285,50.54165],[16.379102,50.516895],[16.356641,50.500488],[16.28252,50.483008],[16.240723,50.454687],[16.210352,50.42373],[16.230762,50.394092],[16.291309,50.371875],[16.33418,50.366895],[16.350488,50.345215],[16.487598,50.248389],[16.59668,50.121924],[16.63916,50.102148],[16.679102,50.097461],[16.725293,50.116064],[16.778613,50.157031],[16.841797,50.186719],[16.895313,50.201953],[16.989648,50.236914],[16.993359,50.259717],[16.914746,50.345215],[16.869141,50.414502],[16.880078,50.427051],[16.980762,50.416113],[17.151953,50.37832],[17.415234,50.254785],[17.462305,50.254785],[17.55459,50.264062],[17.654688,50.284229],[17.702246,50.307178],[17.720117,50.298633],[17.735449,50.230762],[17.709277,50.193555],[17.589355,50.157471],[17.596289,50.139502],[17.627051,50.116406],[17.681055,50.100781],[17.746582,50.056787],[17.791699,50.006592],[17.83125,49.983301],[17.874805,49.972266],[17.983789,49.999072],[18.014648,50.020264],[18.02832,50.035254],[18.049512,50.031934],[18.087695,50.007275],[18.099219,49.992773],[18.205273,49.964746],[18.266309,49.930273],[18.305273,49.914062],[18.348438,49.929834],[18.516211,49.902393],[18.562402,49.879346],[18.577148,49.841113],[18.568848,49.81792],[18.594629,49.757812],[18.806934,49.613721],[18.829297,49.540137],[18.832227,49.510791]]]}},{"type":"Feature","properties":{"name":"Belarus","role_pre":"transit","role_post":"sanctioned_transit","label":"BELARUS"},"geometry":{"type":"Polygon","coordinates":[[[31.763379,52.101074],[31.57373,52.108105],[31.345996,52.105371],[31.217969,52.050244],[31.168457,52.062939],[31.079297,52.076953],[30.980664,52.046191],[30.845703,51.953076],[30.755273,51.895166],[30.667285,51.814111],[30.639453,51.770068],[30.583887,51.688965],[30.533008,51.596338],[30.560742,51.531494],[30.602344,51.47124],[30.611719,51.406348],[30.63252,51.35542],[30.576953,51.318359],[30.544531,51.265039],[30.449512,51.274316],[30.333398,51.325537],[30.308984,51.399609],[30.219531,51.451221],[30.160742,51.477881],[30.06377,51.482031],[29.908789,51.458008],[29.706055,51.439551],[29.553125,51.43457],[29.469629,51.40835],[29.346484,51.382568],[29.298828,51.413037],[29.230469,51.497021],[29.174219,51.580615],[29.135645,51.617285],[29.102051,51.627539],[29.060742,51.625439],[29.013086,51.598926],[28.977734,51.571777],[28.927539,51.562158],[28.849512,51.540186],[28.793262,51.510352],[28.73125,51.433398],[28.690234,51.438867],[28.647754,51.456543],[28.599023,51.542627],[28.532031,51.562451],[28.424609,51.563623],[28.291602,51.581836],[28.183789,51.607861],[28.144434,51.60166],[28.080273,51.565039],[28.010742,51.559766],[27.858594,51.592383],[27.828809,51.577441],[27.788867,51.52915],[27.741309,51.482568],[27.7,51.477979],[27.676758,51.489941],[27.689746,51.572412],[27.601367,51.601611],[27.452344,51.606104],[27.347656,51.594141],[27.296289,51.597412],[27.270117,51.613574],[27.141992,51.752051],[27.074121,51.76084],[26.952832,51.754004],[26.773438,51.770703],[26.566895,51.801904],[26.453418,51.813428],[26.394336,51.844434],[26.26709,51.855029],[25.925293,51.913525],[25.785742,51.923828],[25.580273,51.924756],[25.267188,51.937744],[25.066699,51.930518],[24.973828,51.911133],[24.866406,51.899121],[24.685156,51.888281],[24.611328,51.889502],[24.495215,51.883057],[24.361914,51.867529],[24.32373,51.838428],[24.280078,51.774707],[24.126855,51.664648],[23.97832,51.591309],[23.951172,51.585059],[23.864258,51.623975],[23.791699,51.637109],[23.706836,51.641309],[23.64668,51.628857],[23.608594,51.610498],[23.61377,51.525391],[23.605273,51.51792],[23.539648,51.618896],[23.544824,51.710254],[23.581348,51.762402],[23.625684,51.809326],[23.607422,51.879785],[23.651074,51.972998],[23.652441,52.040381],[23.633301,52.06958],[23.597949,52.103076],[23.501172,52.140381],[23.458398,52.169531],[23.327148,52.208447],[23.196973,52.256934],[23.175098,52.286621],[23.18125,52.306982],[23.204102,52.337891],[23.30332,52.428369],[23.410938,52.516211],[23.47959,52.551562],[23.844727,52.664209],[23.90127,52.703613],[23.91543,52.770264],[23.916309,52.81875],[23.909375,52.904883],[23.887109,53.027539],[23.85918,53.112109],[23.789258,53.270947],[23.598926,53.599219],[23.484668,53.939795],[23.559082,53.919824],[23.733691,53.912256],[23.872559,53.935693],[23.944434,53.938965],[24.008496,53.931641],[24.103906,53.94502],[24.191309,53.950439],[24.236621,53.919971],[24.317969,53.892969],[24.478516,53.931836],[24.620703,53.979834],[24.768164,53.974658],[24.789258,53.998242],[24.825684,54.118994],[24.869531,54.145166],[25.046094,54.133057],[25.111426,54.154932],[25.179492,54.214258],[25.283691,54.25127],[25.370605,54.251221],[25.461133,54.292773],[25.505664,54.264941],[25.527344,54.215137],[25.497363,54.175244],[25.510352,54.159619],[25.573047,54.139893],[25.680566,54.140479],[25.749219,54.156982],[25.765234,54.179785],[25.765039,54.221191],[25.748145,54.259668],[25.702539,54.292969],[25.616895,54.310107],[25.55752,54.310693],[25.547363,54.331836],[25.567578,54.377051],[25.620313,54.4604],[25.685156,54.535791],[25.724805,54.564258],[25.731641,54.590381],[25.723926,54.636035],[25.722461,54.717871],[25.780859,54.833252],[25.859277,54.919287],[25.964453,54.947168],[26.092969,54.962305],[26.175195,55.003271],[26.21582,55.050391],[26.23125,55.090137],[26.250781,55.124512],[26.291797,55.1396],[26.601172,55.130176],[26.648438,55.204199],[26.675,55.224902],[26.734375,55.246777],[26.775684,55.273096],[26.760156,55.293359],[26.68125,55.306445],[26.495313,55.318018],[26.457617,55.34248],[26.469531,55.371924],[26.519238,55.448145],[26.566602,55.546484],[26.59082,55.622656],[26.593555,55.667529],[26.620215,55.679639],[26.771875,55.693994],[26.822461,55.709229],[26.953027,55.812939],[27.052539,55.830566],[27.30918,55.803906],[27.427148,55.805957],[27.45918,55.803516],[27.576758,55.798779],[27.589453,55.80918],[27.642285,55.911719],[27.694238,55.941553],[27.896289,56.076172],[28.032031,56.133301],[28.117871,56.145801],[28.147949,56.14292],[28.284277,56.055908],[28.316309,56.052539],[28.39209,56.086719],[28.407031,56.089014],[28.563965,56.091992],[28.636914,56.061768],[28.69082,56.002637],[28.74082,55.955371],[28.794727,55.942578],[28.947461,56.0021],[29.031738,56.021777],[29.087402,56.021143],[29.283008,55.967871],[29.375,55.938721],[29.396094,55.912207],[29.397949,55.881055],[29.373145,55.834717],[29.353418,55.784375],[29.412988,55.724854],[29.482227,55.68457],[29.630078,55.751172],[29.68457,55.769727],[29.744141,55.77041],[29.823926,55.795117],[29.881641,55.832324],[29.937012,55.845264],[30.042676,55.836426],[30.233594,55.845215],[30.45625,55.786816],[30.475391,55.768799],[30.586719,55.700293],[30.625586,55.66626],[30.662305,55.655469],[30.72168,55.622119],[30.800781,55.601123],[30.855957,55.60752],[30.882227,55.596387],[30.906836,55.57002],[30.908789,55.525342],[30.900586,55.397412],[30.861816,55.3604],[30.820996,55.330273],[30.810547,55.306982],[30.814453,55.278711],[30.877441,55.223437],[30.958887,55.137598],[30.977734,55.087793],[30.977734,55.050488],[30.866797,54.940723],[30.829883,54.91499],[30.804492,54.860937],[30.791016,54.806006],[30.798828,54.783252],[30.98418,54.695898],[31.121289,54.648486],[31.152148,54.625342],[31.154883,54.610937],[31.081934,54.51709],[31.074805,54.491797],[31.184766,54.452979],[31.245508,54.39165],[31.299121,54.291699],[31.403613,54.195947],[31.628418,54.111182],[31.791992,54.055908],[31.825977,54.030713],[31.837793,54.000781],[31.825293,53.93501],[31.783008,53.85498],[31.754199,53.810449],[31.820801,53.791943],[31.992188,53.796875],[32.200391,53.78125],[32.450195,53.69292],[32.450977,53.65332],[32.425195,53.617285],[32.442383,53.579248],[32.469629,53.546973],[32.685742,53.448145],[32.706445,53.419434],[32.710254,53.371436],[32.704297,53.336328],[32.644434,53.328906],[32.578027,53.312402],[32.469336,53.270312],[32.42627,53.210596],[32.250684,53.128369],[32.141992,53.091162],[32.055469,53.089453],[31.849707,53.106201],[31.777441,53.146875],[31.747461,53.18418],[31.668262,53.200928],[31.562988,53.20249],[31.417871,53.196045],[31.388379,53.184814],[31.364551,53.138965],[31.30293,53.060889],[31.258789,53.016699],[31.295117,52.989795],[31.353027,52.933447],[31.442773,52.861816],[31.535156,52.798242],[31.564844,52.759229],[31.563477,52.731445],[31.519434,52.69873],[31.526172,52.633008],[31.615918,52.546191],[31.585547,52.532471],[31.576563,52.426025],[31.577344,52.312305],[31.601562,52.284814],[31.649902,52.262207],[31.690625,52.220654],[31.758594,52.12583],[31.763379,52.101074]]]}},{"type":"Feature","properties":{"name":"Azerbaijan","role_pre":"baseline_supplier","role_post":"alt_supplier","label":"AZERBAIJAN"},"geometry":{"type":"MultiPolygon","coordinates":[[[[44.817188,39.650439],[44.783398,39.684668],[44.768262,39.703516],[44.867188,39.719141],[45.031641,39.765137],[45.076465,39.742822],[45.124609,39.696338],[45.148633,39.656592],[45.152832,39.582666],[45.172559,39.570605],[45.252539,39.595459],[45.288281,39.565576],[45.349902,39.529883],[45.456836,39.494482],[45.610742,39.549805],[45.687402,39.564062],[45.750488,39.562939],[45.784473,39.545605],[45.796484,39.488135],[45.78418,39.417236],[45.766309,39.378467],[45.798633,39.350195],[45.925,39.281934],[45.977441,39.243896],[45.951855,39.178125],[46.045898,39.017529],[46.077441,38.954883],[46.114453,38.877783],[45.921875,38.90791],[45.575,38.972803],[45.479688,39.00625],[45.389258,39.095898],[45.335547,39.13916],[45.255957,39.194678],[45.190625,39.215625],[45.141211,39.254297],[45.113086,39.311572],[45.07168,39.362891],[45.000195,39.423535],[44.838184,39.629102],[44.817188,39.650439]]],[[[48.86875,38.435498],[48.840332,38.437256],[48.635547,38.39873],[48.592676,38.411084],[48.417383,38.58623],[48.38125,38.605615],[48.305566,38.613477],[48.261328,38.642285],[48.225195,38.689209],[48.204688,38.724121],[48.023242,38.819043],[47.996484,38.85376],[47.992676,38.884277],[48.019336,38.911816],[48.050098,38.93501],[48.138574,38.958643],[48.241992,38.978955],[48.275098,38.993604],[48.29209,39.018848],[48.291016,39.059277],[48.274121,39.099121],[48.125488,39.171631],[48.10918,39.202832],[48.104395,39.241113],[48.112891,39.281104],[48.136035,39.312354],[48.257227,39.35498],[48.322168,39.399072],[48.281738,39.44834],[48.151074,39.560547],[47.995898,39.683936],[47.892285,39.685059],[47.772852,39.648584],[47.581836,39.543359],[47.476172,39.49834],[47.338477,39.423877],[47.188379,39.340967],[47.06543,39.252881],[46.988867,39.180176],[46.852539,39.148438],[46.783203,39.087402],[46.554785,38.904395],[46.490625,38.906689],[46.486719,38.997461],[46.489844,39.069434],[46.475391,39.110889],[46.401465,39.167676],[46.400293,39.192187],[46.420313,39.207373],[46.477148,39.198193],[46.55,39.201416],[46.584766,39.223682],[46.506641,39.298535],[46.437305,39.348535],[46.378418,39.382275],[46.365234,39.40249],[46.365137,39.416797],[46.377637,39.433887],[46.478125,39.475098],[46.488086,39.512842],[46.481445,39.555176],[46.32168,39.617432],[46.202051,39.594482],[46.094824,39.664453],[46.025879,39.718555],[45.939941,39.776562],[45.863184,39.80835],[45.789648,39.881104],[45.661816,39.956201],[45.579785,39.977539],[45.580957,39.989014],[45.595996,40.002832],[45.630176,40.014209],[45.858105,40.011279],[45.885938,40.024854],[45.900098,40.05708],[45.93125,40.104687],[45.967578,40.174805],[45.964648,40.233789],[45.735742,40.329102],[45.569531,40.416846],[45.454395,40.532373],[45.376172,40.638086],[45.378906,40.673584],[45.401367,40.707129],[45.579395,40.804492],[45.591406,40.829736],[45.5875,40.846924],[45.524023,40.896729],[45.444238,40.947998],[45.419141,40.985693],[45.368945,41.004883],[45.273438,41.00625],[45.106055,41.069336],[45.070508,41.075586],[45.062598,41.088135],[45.070703,41.10083],[45.190234,41.126367],[45.188574,41.147412],[45.152344,41.175146],[45.084766,41.195459],[45.022949,41.245703],[45.001367,41.290967],[45.217188,41.423193],[45.280957,41.449561],[45.422266,41.425293],[45.715625,41.337646],[45.695703,41.289014],[45.725488,41.261621],[45.792773,41.224414],[45.921973,41.186719],[46.03125,41.167285],[46.086523,41.183838],[46.170703,41.197852],[46.27998,41.154443],[46.380762,41.099316],[46.430957,41.077051],[46.45791,41.070215],[46.534375,41.088574],[46.626367,41.159668],[46.662402,41.245508],[46.672559,41.286816],[46.618945,41.34375],[46.508789,41.405566],[46.384961,41.459863],[46.305469,41.507715],[46.254688,41.602148],[46.203516,41.612598],[46.190527,41.624854],[46.182129,41.65708],[46.184277,41.702148],[46.201855,41.736865],[46.251855,41.751758],[46.302539,41.75708],[46.348242,41.790186],[46.405469,41.855078],[46.429883,41.890967],[46.537695,41.87041],[46.552148,41.812305],[46.571289,41.800098],[46.616016,41.806934],[46.690332,41.831348],[46.749316,41.812598],[46.825586,41.743408],[46.930859,41.67041],[46.987793,41.621387],[47.010156,41.5875],[47.063965,41.554688],[47.142578,41.516064],[47.205273,41.455615],[47.261133,41.315088],[47.317676,41.282422],[47.520605,41.229053],[47.591797,41.218115],[47.791016,41.199268],[47.861133,41.212744],[47.963672,41.333984],[48.056055,41.458691],[48.142285,41.484766],[48.298145,41.54502],[48.391406,41.601904],[48.430664,41.66333],[48.518652,41.779346],[48.572852,41.844482],[48.664648,41.786621],[48.823926,41.62959],[49.050879,41.373975],[49.106641,41.301709],[49.143262,41.217773],[49.174707,41.116113],[49.226465,41.026221],[49.456738,40.799854],[49.556152,40.716309],[49.718359,40.608105],[49.775977,40.583984],[49.851758,40.577197],[49.990625,40.576807],[50.119141,40.534521],[50.18252,40.504785],[50.248047,40.461768],[50.306836,40.412207],[50.365918,40.279492],[50.143164,40.323242],[49.918848,40.316406],[49.791992,40.287891],[49.669043,40.249023],[49.551172,40.194141],[49.477344,40.087256],[49.415137,39.839844],[49.324414,39.60835],[49.327539,39.501221],[49.367383,39.398389],[49.362793,39.349561],[49.321191,39.328906],[49.269336,39.285156],[49.199805,39.072656],[49.165332,39.030273],[49.120996,39.003906],[49.108691,39.029053],[49.111328,39.084717],[49.013477,39.133984],[48.961719,39.07876],[48.926172,38.961768],[48.854492,38.838818],[48.850879,38.815332],[48.86875,38.435498]],[[45.552344,40.616064],[45.562305,40.64917],[45.53418,40.664014],[45.504492,40.664844],[45.478809,40.64834],[45.478809,40.606982],[45.514355,40.599561],[45.552344,40.616064]]],[[[45.023633,41.027246],[45.002051,41.01582],[44.969043,41.027246],[44.958887,41.052637],[44.961426,41.079248],[44.994336,41.085596],[45.021094,41.077979],[45.028711,41.053857],[45.023633,41.027246]]]]}},{"type":"Feature","properties":{"name":"Austria","role_pre":"consumer","role_post":"diversified","label":"AUSTRIA"},"geometry":{"type":"Polygon","coordinates":[[[9.527539,47.270752],[9.609082,47.391797],[9.625879,47.467041],[9.554395,47.511133],[9.524023,47.524219],[9.548926,47.534033],[9.650586,47.525879],[9.715137,47.550781],[9.748926,47.575537],[9.83916,47.552295],[9.971582,47.505322],[10.034082,47.473584],[10.059863,47.449072],[10.074219,47.428516],[10.066309,47.393359],[10.096484,47.37959],[10.158789,47.374268],[10.200293,47.363428],[10.185742,47.317187],[10.183008,47.278809],[10.240625,47.284131],[10.312793,47.313428],[10.369141,47.366064],[10.403906,47.416992],[10.430371,47.541064],[10.439453,47.551562],[10.482813,47.541797],[10.658691,47.547217],[10.741602,47.524121],[10.873047,47.520215],[10.870605,47.500781],[10.893945,47.470459],[10.952148,47.426709],[10.980859,47.398145],[11.041992,47.393115],[11.136035,47.408887],[11.191211,47.425195],[11.211914,47.413623],[11.297949,47.424902],[11.374121,47.460254],[11.392969,47.487158],[11.469922,47.506104],[11.573926,47.549756],[11.716797,47.583496],[12.185645,47.619531],[12.203809,47.646729],[12.196875,47.709082],[12.209277,47.718262],[12.268359,47.702734],[12.363184,47.688184],[12.435742,47.666113],[12.48291,47.637305],[12.526563,47.636133],[12.594238,47.656299],[12.68584,47.669336],[12.771387,47.639404],[12.796191,47.607031],[12.781152,47.59043],[12.782813,47.56416],[12.809375,47.542187],[12.878906,47.506445],[12.968066,47.475684],[13.014355,47.478076],[13.031543,47.508008],[13.047949,47.57915],[13.054102,47.655127],[13.033594,47.69873],[12.985547,47.709424],[12.928125,47.712842],[12.897656,47.721875],[12.908301,47.745801],[12.954199,47.807764],[12.953516,47.890625],[12.849902,47.984814],[12.760059,48.075977],[12.760352,48.106982],[12.814258,48.16084],[12.897461,48.203711],[13.082129,48.275098],[13.14043,48.289941],[13.215234,48.301904],[13.322852,48.33125],[13.374609,48.361377],[13.409375,48.394141],[13.459863,48.564551],[13.47168,48.571826],[13.486621,48.581836],[13.675195,48.523047],[13.692188,48.532764],[13.723926,48.542383],[13.785352,48.587451],[13.798828,48.62168],[13.797461,48.686426],[13.80293,48.74751],[13.814746,48.766943],[13.843164,48.759863],[13.924316,48.728027],[13.98877,48.692432],[14.049121,48.60249],[14.189844,48.578564],[14.367578,48.576221],[14.431055,48.61626],[14.488672,48.625537],[14.553906,48.61333],[14.691309,48.599219],[14.706641,48.671924],[14.785938,48.747363],[14.821875,48.774023],[14.922559,48.771387],[14.947363,48.827734],[14.972168,48.983936],[14.993457,49.001123],[15.066797,48.997852],[15.139746,48.969336],[15.161719,48.946289],[15.199609,48.948145],[15.252734,48.963867],[15.310938,48.974023],[15.40293,48.957373],[15.599414,48.886377],[15.700781,48.860449],[15.765039,48.86543],[15.825195,48.864453],[16.057227,48.754785],[16.219336,48.739404],[16.367285,48.738965],[16.414844,48.77207],[16.47793,48.800098],[16.543555,48.79624],[16.600977,48.781885],[16.712695,48.734229],[16.764453,48.722021],[16.833203,48.714307],[16.883691,48.703711],[16.92832,48.620898],[16.953125,48.598828],[16.948828,48.588574],[16.943359,48.550928],[16.904492,48.503516],[16.862695,48.441406],[16.86543,48.386914],[16.972656,48.198096],[17.067871,48.083252],[17.085938,48.039551],[17.147363,48.005957],[17.089063,47.963623],[17.077734,47.900879],[17.039941,47.872949],[17.030078,47.837109],[17.045898,47.804541],[17.045605,47.76377],[17.066602,47.707568],[16.973438,47.695312],[16.862695,47.697266],[16.823047,47.693994],[16.785938,47.678662],[16.747559,47.686279],[16.647461,47.739014],[16.590918,47.750537],[16.550977,47.747363],[16.521094,47.724463],[16.469629,47.695068],[16.421289,47.674463],[16.432129,47.656299],[16.639746,47.608887],[16.676563,47.536035],[16.636621,47.476611],[16.623047,47.447559],[16.574414,47.424658],[16.514746,47.404541],[16.442871,47.399512],[16.434375,47.367432],[16.462598,47.273145],[16.439746,47.252734],[16.416895,47.223437],[16.438379,47.145898],[16.482813,47.140381],[16.492676,47.122656],[16.484766,47.09126],[16.476953,47.057861],[16.46123,47.022461],[16.453418,47.006787],[16.423926,46.996973],[16.331836,47.002197],[16.252539,46.971924],[16.093066,46.863281],[16.037207,46.844824],[15.976855,46.801367],[15.980469,46.705859],[15.972266,46.697217],[15.957617,46.677637],[15.766895,46.711279],[15.760254,46.710742],[15.632617,46.698437],[15.545313,46.654639],[15.439258,46.629639],[15.216992,46.642969],[15.000684,46.625977],[14.949414,46.613232],[14.893262,46.605908],[14.840625,46.580469],[14.810547,46.54458],[14.756738,46.499121],[14.680176,46.463428],[14.596973,46.436084],[14.577148,46.412939],[14.549805,46.399707],[14.503516,46.417041],[14.465918,46.416113],[14.419922,46.42793],[14.267285,46.440723],[14.099512,46.461914],[14.019629,46.482178],[13.928809,46.498193],[13.831348,46.51123],[13.743945,46.514307],[13.7,46.520264],[13.490039,46.555566],[13.351562,46.55791],[13.16875,46.572656],[12.805566,46.625879],[12.699805,46.647461],[12.598633,46.654102],[12.479199,46.67251],[12.388281,46.702637],[12.330078,46.759814],[12.267969,46.835889],[12.154102,46.935254],[12.130762,46.984766],[12.165527,47.028174],[12.20127,47.060889],[12.197168,47.075],[12.169434,47.082129],[11.969531,47.039697],[11.775684,46.986084],[11.699414,46.984668],[11.625488,46.996582],[11.527539,46.997412],[11.433203,46.983057],[11.244434,46.975684],[11.133887,46.936182],[11.063477,46.859131],[11.025098,46.796973],[10.993262,46.777002],[10.927344,46.769482],[10.828906,46.775244],[10.759766,46.793311],[10.689258,46.846387],[10.579785,46.853711],[10.479395,46.855127],[10.452832,46.864941],[10.45459,46.899414],[10.414941,46.964404],[10.349414,46.984766],[10.179785,46.862354],[10.133496,46.851514],[9.996875,46.885352],[9.877734,46.937695],[9.864648,46.975977],[9.845313,47.007373],[9.74502,47.037109],[9.619922,47.057471],[9.580273,47.057373],[9.595703,47.07583],[9.610547,47.107129],[9.601172,47.13208],[9.571875,47.15791],[9.555762,47.185498],[9.551074,47.212256],[9.542188,47.234131],[9.536816,47.254639],[9.527539,47.270752]]]}},{"type":"Feature","properties":{"name":"Algeria","role_pre":"baseline_supplier","role_post":"alt_supplier","label":"ALGERIA"},"geometry":{"type":"Polygon","coordinates":[[[8.576563,36.937207],[8.597656,36.883887],[8.60127,36.833936],[8.506738,36.7875],[8.444238,36.760742],[8.369629,36.63252],[8.230762,36.545264],[8.207617,36.518945],[8.208789,36.495117],[8.302734,36.455615],[8.333984,36.418164],[8.34873,36.367969],[8.306738,36.18877],[8.280273,36.050977],[8.245703,35.870557],[8.24707,35.801807],[8.28291,35.719287],[8.318066,35.654932],[8.329004,35.582227],[8.316406,35.403125],[8.359863,35.299609],[8.394238,35.203857],[8.312109,35.084619],[8.276855,34.979492],[8.254688,34.828955],[8.245605,34.734082],[8.192773,34.646289],[8.123438,34.563916],[8.045605,34.512695],[7.949414,34.468701],[7.838281,34.410303],[7.748535,34.254492],[7.554492,34.125],[7.513867,34.080518],[7.495605,33.976514],[7.500195,33.832471],[7.534375,33.71792],[7.627539,33.548633],[7.70918,33.362305],[7.731348,33.268506],[7.762695,33.233105],[7.877246,33.172119],[8.075586,33.089062],[8.1125,33.055322],[8.210938,32.926709],[8.304199,32.696289],[8.333398,32.543604],[8.515137,32.422314],[8.68291,32.310449],[8.844043,32.212109],[9.018945,32.105371],[9.044043,32.072363],[9.102344,31.846143],[9.160254,31.621338],[9.224023,31.373682],[9.287891,31.125342],[9.363281,30.83291],[9.406055,30.666797],[9.458008,30.465381],[9.51875,30.229395],[9.420996,30.179297],[9.310254,30.115234],[9.391016,29.993652],[9.546191,29.795947],[9.640137,29.636426],[9.672656,29.566992],[9.745898,29.368945],[9.805273,29.176953],[9.820703,29.114795],[9.842578,28.966992],[9.815625,28.560205],[9.858203,28.043311],[9.916016,27.785693],[9.825293,27.552979],[9.747559,27.330859],[9.752539,27.219336],[9.79541,27.044775],[9.837109,26.91582],[9.894434,26.847949],[9.883203,26.630811],[9.859375,26.551953],[9.684961,26.438232],[9.491406,26.33374],[9.437891,26.245508],[9.422363,26.14707],[9.448242,26.067139],[9.58125,25.890137],[9.781055,25.624268],[10.000684,25.33208],[10.019043,25.258545],[10.028125,25.051025],[10.119531,24.790234],[10.218652,24.676221],[10.255859,24.591016],[10.325781,24.530225],[10.395898,24.485596],[10.438965,24.480225],[10.686133,24.551367],[11.108203,24.434033],[11.507617,24.314355],[11.536914,24.29082],[11.624219,24.139697],[11.766992,23.892578],[11.873047,23.694824],[11.967871,23.517871],[11.45,23.212598],[10.932227,22.907275],[10.414355,22.602002],[9.896484,22.296729],[9.378711,21.991406],[8.860938,21.686133],[8.343066,21.380859],[7.825195,21.075586],[7.481738,20.873096],[7.263379,20.694482],[6.989355,20.470508],[6.730664,20.248047],[6.527051,20.072949],[6.263379,19.846143],[6.130664,19.731982],[5.836621,19.47915],[5.74834,19.434229],[5.358691,19.359521],[5.001367,19.291064],[4.671289,19.227783],[4.445703,19.184521],[4.227637,19.142773],[3.910156,19.08374],[3.683496,19.041602],[3.43877,18.996143],[3.400879,18.988428],[3.356445,18.986621],[3.323438,18.988379],[3.255957,19.013281],[3.174219,19.0729],[3.119727,19.103174],[3.106055,19.150098],[3.137891,19.212158],[3.177246,19.268164],[3.192383,19.312061],[3.219629,19.34541],[3.254395,19.372607],[3.255859,19.410938],[3.227051,19.473584],[3.20166,19.5604],[3.202734,19.718311],[3.203418,19.770752],[3.203711,19.789697],[3.130273,19.850195],[2.99248,19.916602],[2.865723,19.955957],[2.80791,19.969434],[2.667773,19.99292],[2.474219,20.03501],[2.406152,20.063867],[2.280859,20.210303],[2.219336,20.247803],[1.928809,20.272705],[1.832422,20.296875],[1.753223,20.331592],[1.685449,20.378369],[1.647363,20.458838],[1.636035,20.524365],[1.610645,20.555566],[1.290234,20.713574],[1.208887,20.767285],[1.165723,20.817432],[1.164062,20.891309],[1.172754,20.981982],[1.15918,21.0625],[1.145508,21.102246],[0.999414,21.197754],[0.671875,21.411865],[0.344434,21.625977],[0.016992,21.840137],[-0.310547,22.054199],[-0.637988,22.268311],[-0.965479,22.482471],[-1.292969,22.696533],[-1.62041,22.910645],[-1.9479,23.124805],[-2.275391,23.338867],[-2.60293,23.553027],[-2.930371,23.767139],[-3.257861,23.98125],[-3.585352,24.195361],[-3.912793,24.409473],[-4.240332,24.623535],[-4.516992,24.804492],[-4.822607,24.995605],[-5.049512,25.135449],[-5.275,25.274512],[-5.516943,25.423779],[-5.674512,25.516406],[-5.862549,25.627002],[-6.050586,25.737598],[-6.238672,25.848193],[-6.426709,25.958789],[-6.614746,26.069434],[-6.802832,26.17998],[-6.990869,26.290576],[-7.178906,26.401172],[-7.366992,26.511768],[-7.555078,26.622363],[-7.743115,26.732959],[-7.931152,26.843555],[-8.119238,26.95415],[-8.307275,27.064746],[-8.495312,27.175342],[-8.68335,27.285937],[-8.68335,27.490234],[-8.68335,27.656445],[-8.68335,27.900391],[-8.68335,28.112012],[-8.68335,28.323682],[-8.68335,28.469238],[-8.68335,28.620752],[-8.678418,28.689404],[-8.659912,28.718604],[-8.55835,28.767871],[-8.399316,28.880176],[-8.340479,28.930176],[-8.265186,28.980518],[-7.998926,29.132422],[-7.943848,29.174756],[-7.685156,29.349512],[-7.624609,29.375195],[-7.485742,29.392236],[-7.427686,29.425],[-7.349756,29.494727],[-7.234912,29.574902],[-7.160205,29.612646],[-7.142432,29.61958],[-7.094922,29.625195],[-6.855566,29.601611],[-6.755127,29.583838],[-6.635352,29.568799],[-6.597754,29.578955],[-6.565674,29.603857],[-6.520557,29.659863],[-6.510693,29.726025],[-6.50791,29.783789],[-6.500879,29.809131],[-6.479736,29.820361],[-6.427637,29.816113],[-6.357617,29.808301],[-6.214795,29.810693],[-6.166504,29.818945],[-6.004297,29.83125],[-5.775,29.869043],[-5.593311,29.917969],[-5.448779,29.956934],[-5.293652,30.058643],[-5.180127,30.166162],[-5.061914,30.326416],[-4.968262,30.465381],[-4.778516,30.552393],[-4.619629,30.604785],[-4.52915,30.625537],[-4.322852,30.698877],[-4.148779,30.80957],[-3.985352,30.913525],[-3.860059,30.927246],[-3.702002,30.944482],[-3.666797,30.964014],[-3.626904,31.000928],[-3.624512,31.065771],[-3.67251,31.111377],[-3.730176,31.1354],[-3.770996,31.161816],[-3.811816,31.166602],[-3.833398,31.197803],[-3.821387,31.255469],[-3.815137,31.308838],[-3.78916,31.361816],[-3.796436,31.437109],[-3.837109,31.512354],[-3.849561,31.566406],[-3.84668,31.619873],[-3.826758,31.661914],[-3.768164,31.689551],[-3.700244,31.700098],[-3.60459,31.686768],[-3.439795,31.704541],[-3.017383,31.834277],[-2.988232,31.874219],[-2.961133,31.963965],[-2.930859,32.042529],[-2.887207,32.068848],[-2.863428,32.074707],[-2.722607,32.095752],[-2.523242,32.125684],[-2.448389,32.12998],[-2.23125,32.121338],[-2.072803,32.115039],[-1.816992,32.104785],[-1.635156,32.099561],[-1.477051,32.094873],[-1.275342,32.089014],[-1.225928,32.107227],[-1.225928,32.164551],[-1.262109,32.271143],[-1.240332,32.337598],[-1.162598,32.39917],[-1.065527,32.468311],[-1.111035,32.552295],[-1.188232,32.608496],[-1.296387,32.675684],[-1.352148,32.703369],[-1.45,32.784814],[-1.51001,32.877637],[-1.550732,33.073584],[-1.625098,33.18335],[-1.679199,33.318652],[-1.63125,33.566748],[-1.702979,33.716846],[-1.714111,33.781836],[-1.714697,33.858203],[-1.692676,33.990283],[-1.706934,34.176074],[-1.791797,34.36792],[-1.751855,34.433252],[-1.733301,34.467041],[-1.739453,34.496094],[-1.816602,34.55708],[-1.849658,34.607324],[-1.832422,34.654639],[-1.792187,34.723193],[-1.795605,34.751904],[-1.920898,34.835547],[-2.131787,34.97085],[-2.190771,35.029785],[-2.219629,35.104199],[-2.017773,35.085059],[-1.913281,35.094238],[-1.673633,35.183105],[-1.48374,35.303076],[-1.33584,35.364258],[-1.205371,35.495752],[-1.087695,35.578857],[-0.91748,35.668408],[-0.426123,35.861523],[-0.350781,35.863184],[-0.18916,35.819092],[-0.048242,35.832812],[0.047949,35.900537],[0.15166,36.063135],[0.312207,36.162354],[0.514941,36.261816],[0.79082,36.356543],[0.97168,36.443945],[1.257227,36.51958],[1.974512,36.567578],[2.342871,36.610303],[2.593359,36.600684],[2.846484,36.738867],[2.972852,36.784473],[3.520508,36.795117],[3.779004,36.896191],[4.758105,36.896338],[4.877832,36.862402],[4.99541,36.808057],[5.195605,36.676807],[5.29541,36.648242],[5.424609,36.675439],[5.725488,36.799609],[6.064746,36.864258],[6.249121,36.93833],[6.327832,37.046045],[6.486523,37.085742],[6.575879,37.003027],[6.927539,36.919434],[7.143457,36.943359],[7.238477,36.968506],[7.204297,37.092383],[7.432422,37.059277],[7.607715,36.999756],[7.791602,36.880273],[7.910449,36.856348],[8.127148,36.910352],[8.576563,36.937207]]]}}]}